musteri_id_mask,hesap_id_mask,islem_tarihi,doviz_fmt,toplam_tutar
15438869,142251658,31DEC2014:00:00:00,TURK_LIRASI,1857.71
9021512,29807547,16JUN2015:00:00:00,TURK_LIRASI,4290
16792108,148247128,31DEC2014:00:00:00,TURK_LIRASI,650
15717336,128192194,17JUN2015:00:00:00,TURK_LIRASI,280
19858904,140913499,17JUN2015:00:00:00,TURK_LIRASI,4386
14573146,57547578,17JUN2015:00:00:00,TURK_LIRASI,1550
9765025,118030877,16JUN2015:00:00:00,TURK_LIRASI,1703.07
15664189,64291264,30DEC2014:00:00:00,TURK_LIRASI,3522
17320700,74084589,31DEC2014:00:00:00,TURK_LIRASI,2767
23187800,132525151,30DEC2014:00:00:00,TURK_LIRASI,1175
20498552,174795558,31DEC2014:00:00:00,TURK_LIRASI,1400
14801202,58822955,30DEC2014:00:00:00,TURK_LIRASI,400
9630284,132385448,16JUN2015:00:00:00,TURK_LIRASI,2000.35
15543294,188855590,17JUN2015:00:00:00,TURK_LIRASI,100
13055162,61910289,16JUN2015:00:00:00,TURK_LIRASI,826.45
20955787,188456403,31DEC2014:00:00:00,TURK_LIRASI,15
17223830,83861370,17JUN2015:00:00:00,TURK_LIRASI,337.48
15744137,187138387,16JUN2015:00:00:00,TURK_LIRASI,1130
20018440,109843747,17JUN2015:00:00:00,TURK_LIRASI,2000
20018440,109843747,19JUN2015:00:00:00,TURK_LIRASI,526
17907872,79902508,19JUN2015:00:00:00,TURK_LIRASI,800
19850172,162007952,19JUN2015:00:00:00,TURK_LIRASI,50
17320700,74084589,02JUN2015:00:00:00,TURK_LIRASI,2763.59
16792108,148247128,02JUN2015:00:00:00,TURK_LIRASI,792
15766015,161602233,25MAY2015:00:00:00,TURK_LIRASI,160
2853662,165605479,01JUN2015:00:00:00,TURK_LIRASI,954.96
13055162,61910289,19JUN2015:00:00:00,TURK_LIRASI,800
15766015,161602233,02JUN2015:00:00:00,TURK_LIRASI,1.8
3542321,137144635,02JUN2015:00:00:00,TURK_LIRASI,7090.25
10961244,31714368,01JUN2015:00:00:00,TURK_LIRASI,49.38
16948506,101383433,02JUN2015:00:00:00,TURK_LIRASI,600
4837694,188204921,02JUN2015:00:00:00,TURK_LIRASI,1172.52
17907872,79902508,25MAY2015:00:00:00,TURK_LIRASI,200
15631424,126953182,19JUN2015:00:00:00,TURK_LIRASI,514.21
15717336,128192194,25MAY2015:00:00:00,TURK_LIRASI,820
8610999,169703427,19JUN2015:00:00:00,TURK_LIRASI,2400
16448858,67518428,02JUN2015:00:00:00,TURK_LIRASI,500
4365610,27869698,01JUN2015:00:00:00,TURK_LIRASI,7723.23
20018440,109843747,26MAY2015:00:00:00,TURK_LIRASI,1461.77
17365229,95479188,26MAY2015:00:00:00,TURK_LIRASI,2920
18015914,186702508,10JUN2015:00:00:00,TURK_LIRASI,100
20747527,191947412,18JUN2015:00:00:00,TURK_LIRASI,231.18
17907872,79902508,10JUN2015:00:00:00,TURK_LIRASI,500
19379348,174591669,09JUN2015:00:00:00,TURK_LIRASI,50
17755740,172016600,18JUN2015:00:00:00,TURK_LIRASI,150
19858904,140913499,26MAY2015:00:00:00,TURK_LIRASI,453.34
8610999,169703427,18JUN2015:00:00:00,TURK_LIRASI,5800
17638957,169296555,26MAY2015:00:00:00,TURK_LIRASI,1863.06
17223830,195303904,11JUN2015:00:00:00,TURK_LIRASI,91.11
15766015,161602233,18JUN2015:00:00:00,TURK_LIRASI,174.74
20186282,105036555,09JUN2015:00:00:00,TURK_LIRASI,440.02
3054783,29216393,11JUN2015:00:00:00,TURK_LIRASI,356.69
14288103,59885102,26MAY2015:00:00:00,TURK_LIRASI,820
15367126,75247901,11JUN2015:00:00:00,TURK_LIRASI,1400
20726978,155540483,09JUN2015:00:00:00,TURK_LIRASI,200
10961244,28758810,08JUN2015:00:00:00,TURK_LIRASI,6742.72
18681877,148464689,12JUN2015:00:00:00,TURK_LIRASI,2550
15823515,142839963,28MAY2015:00:00:00,TURK_LIRASI,560
12660206,63562547,11JUN2015:00:00:00,TURK_LIRASI,10100
15986491,156031320,11JUN2015:00:00:00,TURK_LIRASI,120
19464162,119425880,12JUN2015:00:00:00,TURK_LIRASI,100
20757253,148028581,12JUN2015:00:00:00,TURK_LIRASI,250
19693997,94571553,03JUN2015:00:00:00,TURK_LIRASI,70
2782253,29242995,08JUN2015:00:00:00,TURK_LIRASI,2068.79
21213035,189392913,03JUN2015:00:00:00,TURK_LIRASI,250
20186282,105036555,03JUN2015:00:00:00,TURK_LIRASI,280
16309426,187525716,03JUN2015:00:00:00,TURK_LIRASI,500
23187800,132525151,28MAY2015:00:00:00,TURK_LIRASI,1240
20758172,187616600,12JUN2015:00:00:00,TURK_LIRASI,1000
15367126,75247901,12JUN2015:00:00:00,TURK_LIRASI,210
15522570,140931532,08JUN2015:00:00:00,TURK_LIRASI,650
9054653,76620574,08JUN2015:00:00:00,TURK_LIRASI,121.85
19693997,188038243,03JUN2015:00:00:00,TURK_LIRASI,800
14546076,123363176,08JUN2015:00:00:00,TURK_LIRASI,189
9054653,168763487,08JUN2015:00:00:00,TURK_LIRASI,7555.12
20498552,174795558,15MAY2015:00:00:00,TURK_LIRASI,644
18752801,128090947,08JUN2015:00:00:00,TURK_LIRASI,650
15766015,161599523,08JUN2015:00:00:00,TURK_LIRASI,1.8
14190363,170335720,08JUN2015:00:00:00,TURK_LIRASI,210
20050973,170248551,12JUN2015:00:00:00,TURK_LIRASI,200
17775027,76978610,03JUN2015:00:00:00,TURK_LIRASI,147.16
9765025,30490672,04JUN2015:00:00:00,TURK_LIRASI,200
9021512,29807547,15MAY2015:00:00:00,TURK_LIRASI,4135
14690491,59059787,15MAY2015:00:00:00,TURK_LIRASI,1078.03
18760663,86009403,15MAY2015:00:00:00,TURK_LIRASI,1310
17907872,79902508,04JUN2015:00:00:00,TURK_LIRASI,900
3908957,66736034,24APR2015:00:00:00,TURK_LIRASI,0.75
19693997,152747979,04JUN2015:00:00:00,TURK_LIRASI,83
18745897,128097155,05JUN2015:00:00:00,TURK_LIRASI,450
16981050,72377774,04JUN2015:00:00:00,TURK_LIRASI,2048.62
9765025,30490672,05JUN2015:00:00:00,TURK_LIRASI,2946.69
14636957,109607139,04JUN2015:00:00:00,TURK_LIRASI,100
8610999,169703427,15MAY2015:00:00:00,TURK_LIRASI,9170
15438869,142251658,04JUN2015:00:00:00,TURK_LIRASI,1808.52
19858904,140913499,24APR2015:00:00:00,TURK_LIRASI,300
20498552,174795558,24APR2015:00:00:00,TURK_LIRASI,3988
21021028,136963284,24APR2015:00:00:00,TURK_LIRASI,100
20050973,170248551,03OCT2014:00:00:00,TURK_LIRASI,240
15766015,161599523,03OCT2014:00:00:00,TURK_LIRASI,250
3054783,124673591,05JUN2015:00:00:00,TURK_LIRASI,1958.32
20022095,98552515,05JUN2015:00:00:00,TURK_LIRASI,1402.41
9765025,118030877,15MAY2015:00:00:00,TURK_LIRASI,1049.16
18620847,124081570,05JUN2015:00:00:00,TURK_LIRASI,420
18745897,128097155,03OCT2014:00:00:00,TURK_LIRASI,170
19379348,174591669,05JUN2015:00:00:00,TURK_LIRASI,450
9630284,132385448,15MAY2015:00:00:00,TURK_LIRASI,2181.47
9765025,30490672,03OCT2014:00:00:00,TURK_LIRASI,220
20169927,169274644,05JUN2015:00:00:00,TURK_LIRASI,220
17907872,79902508,03OCT2014:00:00:00,TURK_LIRASI,1330
16792108,148247128,03OCT2014:00:00:00,TURK_LIRASI,400
13055162,61910289,27MAY2015:00:00:00,TURK_LIRASI,1450
3908957,66736034,27MAY2015:00:00:00,TURK_LIRASI,455.09
3542321,137144635,03OCT2014:00:00:00,TURK_LIRASI,7172.33
15543294,188855590,27MAY2015:00:00:00,TURK_LIRASI,600
16309426,187525716,27MAY2015:00:00:00,TURK_LIRASI,400
9682827,100711952,03OCT2014:00:00:00,TURK_LIRASI,40
25139695,175705463,29MAY2015:00:00:00,TURK_LIRASI,448
19693997,94571553,03OCT2014:00:00:00,TURK_LIRASI,85
18620847,124081570,03OCT2014:00:00:00,TURK_LIRASI,60
15664189,64291264,29MAY2015:00:00:00,TURK_LIRASI,4035.23
18752801,128090947,03OCT2014:00:00:00,TURK_LIRASI,533.47
19464162,119425880,29MAY2015:00:00:00,TURK_LIRASI,100
20747527,191947412,17APR2015:00:00:00,TURK_LIRASI,131.13
17967143,85964698,27MAY2015:00:00:00,TURK_LIRASI,488.27
20217876,147117750,03OCT2014:00:00:00,TURK_LIRASI,47.67
20498552,174795558,29MAY2015:00:00:00,TURK_LIRASI,1600
19693997,152747979,03OCT2014:00:00:00,TURK_LIRASI,590
9875403,116836890,17APR2015:00:00:00,TURK_LIRASI,1000
20050973,170248551,17APR2015:00:00:00,TURK_LIRASI,140
9682827,100711952,29MAY2015:00:00:00,TURK_LIRASI,480
21021028,136963284,03OCT2014:00:00:00,TURK_LIRASI,350
8610999,169703427,17APR2015:00:00:00,TURK_LIRASI,150
20217876,147117750,29MAY2015:00:00:00,TURK_LIRASI,136.27
16948506,101383433,29MAY2015:00:00:00,TURK_LIRASI,505
18681877,148464689,03OCT2014:00:00:00,TURK_LIRASI,1000
14190363,170335720,08MAY2015:00:00:00,TURK_LIRASI,165
20726978,155540483,08MAY2015:00:00:00,TURK_LIRASI,25
9054653,168763487,08MAY2015:00:00:00,TURK_LIRASI,7011.23
2782253,29242995,08MAY2015:00:00:00,TURK_LIRASI,2003.06
15438869,142251658,08MAY2015:00:00:00,TURK_LIRASI,2103.06
18654919,169132500,02JAN2015:00:00:00,TURK_LIRASI,295.17
9054653,76620574,08MAY2015:00:00:00,TURK_LIRASI,161.41
16792108,148247128,08MAY2015:00:00:00,TURK_LIRASI,20
14573146,57547578,17APR2015:00:00:00,TURK_LIRASI,1170
9339300,99524066,15JUN2015:00:00:00,TURK_LIRASI,1359.86
15370451,68340528,15JUN2015:00:00:00,TURK_LIRASI,438
15986491,156031320,15JUN2015:00:00:00,TURK_LIRASI,280
19693997,152747979,02JAN2015:00:00:00,TURK_LIRASI,220
3542321,137144635,02JAN2015:00:00:00,TURK_LIRASI,4852.6
14801202,58822955,15JUN2015:00:00:00,TURK_LIRASI,2135
18751734,128090941,15JUN2015:00:00:00,TURK_LIRASI,250
9765025,118030877,16MAR2015:00:00:00,TURK_LIRASI,1683.95
14636957,109607139,16MAR2015:00:00:00,TURK_LIRASI,420
10961244,31714368,02JAN2015:00:00:00,TURK_LIRASI,11.05
15766015,161602233,16MAR2015:00:00:00,TURK_LIRASI,200
13055162,61910289,16MAR2015:00:00:00,TURK_LIRASI,850
20007351,98180463,16MAR2015:00:00:00,TURK_LIRASI,730
13055162,61910289,23JAN2015:00:00:00,TURK_LIRASI,1800
20955787,188456403,23JAN2015:00:00:00,TURK_LIRASI,20
17907872,79902508,15JUN2015:00:00:00,TURK_LIRASI,250
15370451,68340528,16MAR2015:00:00:00,TURK_LIRASI,365.07
19693997,94571553,02JAN2015:00:00:00,TURK_LIRASI,90
14690491,59059787,15JUN2015:00:00:00,TURK_LIRASI,1129.93
9682827,100711952,02JAN2015:00:00:00,TURK_LIRASI,250
9630284,132385448,16MAR2015:00:00:00,TURK_LIRASI,2157.53
20498552,174795558,02JAN2015:00:00:00,TURK_LIRASI,396.49
17967143,85964698,16MAR2015:00:00:00,TURK_LIRASI,495
15717336,128192194,16MAR2015:00:00:00,TURK_LIRASI,330
9021512,29807547,16MAR2015:00:00:00,TURK_LIRASI,600
18751734,128090941,16MAR2015:00:00:00,TURK_LIRASI,200
18760663,86009403,15JUN2015:00:00:00,TURK_LIRASI,1260
15823515,171529634,02JAN2015:00:00:00,TURK_LIRASI,270
15823515,142839963,02JAN2015:00:00:00,TURK_LIRASI,30
8610999,169703427,16MAR2015:00:00:00,TURK_LIRASI,2450
14690491,59059787,16MAR2015:00:00:00,TURK_LIRASI,1488.49
19379348,174591669,02JAN2015:00:00:00,TURK_LIRASI,575
16948506,101383433,02JAN2015:00:00:00,TURK_LIRASI,500
4365610,27869698,02JAN2015:00:00:00,TURK_LIRASI,6054.54
3908957,66736034,16MAR2015:00:00:00,TURK_LIRASI,1801.54
18015914,186702508,05DEC2014:00:00:00,TURK_LIRASI,250
20726978,155540483,05DEC2014:00:00:00,TURK_LIRASI,25
15370451,68340528,15SEP2014:00:00:00,TURK_LIRASI,56.07
15748483,135986113,05DEC2014:00:00:00,TURK_LIRASI,210
18620847,124081570,05DEC2014:00:00:00,TURK_LIRASI,600
9765025,30490672,05DEC2014:00:00:00,TURK_LIRASI,1142.53
19464162,119425880,23JAN2015:00:00:00,TURK_LIRASI,20
18752801,128090947,05DEC2014:00:00:00,TURK_LIRASI,750
20050973,170248551,15SEP2014:00:00:00,TURK_LIRASI,200
9339300,99524066,15SEP2014:00:00:00,TURK_LIRASI,3963.03
3054783,124673591,05DEC2014:00:00:00,TURK_LIRASI,1217.41
15522570,140931532,05DEC2014:00:00:00,TURK_LIRASI,806
10961244,28758810,05DEC2014:00:00:00,TURK_LIRASI,9201
4613342,64992804,22MAY2015:00:00:00,TURK_LIRASI,5272.2
20022095,98552515,05DEC2014:00:00:00,TURK_LIRASI,1728.75
9021512,29807547,15SEP2014:00:00:00,TURK_LIRASI,2100
14690491,59059787,15SEP2014:00:00:00,TURK_LIRASI,1126.82
20955787,188456403,05DEC2014:00:00:00,TURK_LIRASI,230
20498552,174795558,22MAY2015:00:00:00,TURK_LIRASI,150
13055162,61910289,19SEP2014:00:00:00,TURK_LIRASI,1665
20018440,109843747,22MAY2015:00:00:00,TURK_LIRASI,1000
20846536,106649857,22MAY2015:00:00:00,TURK_LIRASI,750
8610999,169703427,19SEP2014:00:00:00,TURK_LIRASI,3700
14573146,57547578,19SEP2014:00:00:00,TURK_LIRASI,1600
15438869,142251658,05DEC2014:00:00:00,TURK_LIRASI,2000
17303354,132691741,05DEC2014:00:00:00,TURK_LIRASI,440
9339300,99524066,22MAY2015:00:00:00,TURK_LIRASI,500
9765025,118030877,16FEB2015:00:00:00,TURK_LIRASI,2007.75
17755740,172016600,16FEB2015:00:00:00,TURK_LIRASI,500
17967143,85964698,05SEP2014:00:00:00,TURK_LIRASI,250.86
9054653,168763487,07APR2015:00:00:00,TURK_LIRASI,2422.57
20757253,148028581,05SEP2014:00:00:00,TURK_LIRASI,200
2782253,29242995,07APR2015:00:00:00,TURK_LIRASI,2054.48
17755740,172016600,16JAN2015:00:00:00,TURK_LIRASI,365
9630284,132385448,16FEB2015:00:00:00,TURK_LIRASI,1382.25
13055162,61910289,16FEB2015:00:00:00,TURK_LIRASI,850
14690491,59059787,16FEB2015:00:00:00,TURK_LIRASI,1785.27
4837694,188204921,07APR2015:00:00:00,TURK_LIRASI,500
20758172,105586362,16FEB2015:00:00:00,TURK_LIRASI,500
19693997,94571553,05SEP2014:00:00:00,TURK_LIRASI,100
10961244,28758810,07APR2015:00:00:00,TURK_LIRASI,3859.52
8610999,29616418,16JAN2015:00:00:00,TURK_LIRASI,200
20022095,98552515,05SEP2014:00:00:00,TURK_LIRASI,504.17
15717336,128192194,16JAN2015:00:00:00,TURK_LIRASI,280
17257260,89487123,05SEP2014:00:00:00,TURK_LIRASI,1999.67
18745897,128097155,05SEP2014:00:00:00,TURK_LIRASI,45
20757253,148028581,07APR2015:00:00:00,TURK_LIRASI,300
9054653,76620574,05SEP2014:00:00:00,TURK_LIRASI,687.26
18745897,128097155,07APR2015:00:00:00,TURK_LIRASI,470
21021028,136963284,05SEP2014:00:00:00,TURK_LIRASI,200
15522570,140931532,07APR2015:00:00:00,TURK_LIRASI,500
20169927,169274644,07APR2015:00:00:00,TURK_LIRASI,763.04
20169927,112229742,07APR2015:00:00:00,TURK_LIRASI,100
18909213,172194428,05SEP2014:00:00:00,TURK_LIRASI,750
19693997,152747979,05SEP2014:00:00:00,TURK_LIRASI,500
15370451,68340528,16FEB2015:00:00:00,TURK_LIRASI,80
18681877,148464689,16JAN2015:00:00:00,TURK_LIRASI,40
9765025,30490672,05SEP2014:00:00:00,TURK_LIRASI,3322.57
9021512,29807547,16FEB2015:00:00:00,TURK_LIRASI,4765
15438869,142251658,05SEP2014:00:00:00,TURK_LIRASI,1500
14573146,57547578,16JAN2015:00:00:00,TURK_LIRASI,1500
20726978,155540483,16FEB2015:00:00:00,TURK_LIRASI,420
8610999,169703427,16JAN2015:00:00:00,TURK_LIRASI,850
9054653,168763487,05SEP2014:00:00:00,TURK_LIRASI,3875.01
15766015,161599523,16JAN2015:00:00:00,TURK_LIRASI,200
20498552,174795558,16JAN2015:00:00:00,TURK_LIRASI,2400
3054783,124673591,05SEP2014:00:00:00,TURK_LIRASI,1170.29
15522570,140931532,05SEP2014:00:00:00,TURK_LIRASI,377
9630284,132385448,16JAN2015:00:00:00,TURK_LIRASI,2073.21
16948506,101383433,30APR2015:00:00:00,TURK_LIRASI,1470
19693997,152747979,03APR2015:00:00:00,TURK_LIRASI,85
9765025,118030877,16JAN2015:00:00:00,TURK_LIRASI,2247.88
14288103,59885102,16JAN2015:00:00:00,TURK_LIRASI,565
20050973,170248551,30APR2015:00:00:00,TURK_LIRASI,50
15717336,128192194,12SEP2014:00:00:00,TURK_LIRASI,520
20018440,109843747,16JAN2015:00:00:00,TURK_LIRASI,2240
17643688,76768991,30APR2015:00:00:00,TURK_LIRASI,950
19693997,94571553,03APR2015:00:00:00,TURK_LIRASI,70
16948506,101383433,03APR2015:00:00:00,TURK_LIRASI,890
19693997,188038243,03APR2015:00:00:00,TURK_LIRASI,1000
18760663,86009403,12SEP2014:00:00:00,TURK_LIRASI,2450
16792108,148247128,03APR2015:00:00:00,TURK_LIRASI,170
20034136,128044306,12SEP2014:00:00:00,TURK_LIRASI,100
18620847,124081570,03APR2015:00:00:00,TURK_LIRASI,880
20846536,106649857,03APR2015:00:00:00,TURK_LIRASI,400
18639814,119121946,12SEP2014:00:00:00,TURK_LIRASI,225
17907872,79902508,30APR2015:00:00:00,TURK_LIRASI,650
17907872,79902508,12SEP2014:00:00:00,TURK_LIRASI,500
20498552,174795558,30APR2015:00:00:00,TURK_LIRASI,1226
10961244,28758810,07NOV2014:00:00:00,TURK_LIRASI,228.44
9021512,29807547,07NOV2014:00:00:00,TURK_LIRASI,1000
15823515,142839963,07NOV2014:00:00:00,TURK_LIRASI,240
18752801,128090947,07NOV2014:00:00:00,TURK_LIRASI,560.6
19850172,162007952,07NOV2014:00:00:00,TURK_LIRASI,100
20955787,188456403,07NOV2014:00:00:00,TURK_LIRASI,85
10961244,28758810,30APR2015:00:00:00,TURK_LIRASI,6738.16
9054653,168763487,03APR2015:00:00:00,TURK_LIRASI,1721.62
10961244,28758810,03APR2015:00:00:00,TURK_LIRASI,200
16792108,148247128,30APR2015:00:00:00,TURK_LIRASI,320
14636957,109607139,03APR2015:00:00:00,TURK_LIRASI,950
18639814,119155621,12SEP2014:00:00:00,TURK_LIRASI,175
15823515,171529634,07NOV2014:00:00:00,TURK_LIRASI,272.08
15986491,156031320,03APR2015:00:00:00,TURK_LIRASI,60
20757253,148028581,07NOV2014:00:00:00,TURK_LIRASI,200
18620847,124081570,07NOV2014:00:00:00,TURK_LIRASI,450
17223830,83861370,12SEP2014:00:00:00,TURK_LIRASI,2000
18745897,128097155,07NOV2014:00:00:00,TURK_LIRASI,300
18780990,85527402,17OCT2014:00:00:00,TURK_LIRASI,100
20846536,106649857,25JUL2014:00:00:00,TURK_LIRASI,200
18909213,186821431,07NOV2014:00:00:00,TURK_LIRASI,1000
20217876,147117750,25JUL2014:00:00:00,TURK_LIRASI,50
18654919,169132500,25JUL2014:00:00:00,TURK_LIRASI,18.38
2782253,29242995,07NOV2014:00:00:00,TURK_LIRASI,1812.1
21021028,136963284,07NOV2014:00:00:00,TURK_LIRASI,215
19379348,174591669,18MAY2015:00:00:00,TURK_LIRASI,137.21
17223830,195303904,18MAY2015:00:00:00,TURK_LIRASI,840.5
14546076,123363176,18MAY2015:00:00:00,TURK_LIRASI,635
19858904,140913499,18MAY2015:00:00:00,TURK_LIRASI,350
20758172,187616600,18MAY2015:00:00:00,TURK_LIRASI,4900
14801202,58822955,25JUL2014:00:00:00,TURK_LIRASI,30
20747527,191947412,18MAY2015:00:00:00,TURK_LIRASI,173.93
15823515,171529634,17OCT2014:00:00:00,TURK_LIRASI,150
17907872,79902508,25JUL2014:00:00:00,TURK_LIRASI,600
20726978,155540483,25JUL2014:00:00:00,TURK_LIRASI,130
2853662,165605479,25JUL2014:00:00:00,TURK_LIRASI,2745
14288103,59885102,13MAR2015:00:00:00,TURK_LIRASI,620
15744137,187138387,18MAY2015:00:00:00,TURK_LIRASI,1910
15370451,68340528,18MAY2015:00:00:00,TURK_LIRASI,100
20018440,109843747,25JUL2014:00:00:00,TURK_LIRASI,400
9339300,99524066,13MAR2015:00:00:00,TURK_LIRASI,5375.16
20018440,109843747,17OCT2014:00:00:00,TURK_LIRASI,2000
17638957,169296555,25JUL2014:00:00:00,TURK_LIRASI,1858.28
20955787,175202554,13MAR2015:00:00:00,TURK_LIRASI,5
19858904,140913499,25JUL2014:00:00:00,TURK_LIRASI,989.69
15766015,161602233,13MAR2015:00:00:00,TURK_LIRASI,200
14573146,57547578,18MAY2015:00:00:00,TURK_LIRASI,1360
18760663,86009403,18MAY2015:00:00:00,TURK_LIRASI,1000
18760663,86009403,17OCT2014:00:00:00,TURK_LIRASI,1680
21213035,189392913,13MAR2015:00:00:00,TURK_LIRASI,390
9021512,29807547,13MAR2015:00:00:00,TURK_LIRASI,2675
19858904,97033545,25JUL2014:00:00:00,TURK_LIRASI,33.84
17303354,132691741,15AUG2014:00:00:00,TURK_LIRASI,4756
20050973,170248551,15AUG2014:00:00:00,TURK_LIRASI,220
18909213,186821431,13MAR2015:00:00:00,TURK_LIRASI,310
13261710,31548257,24MAR2015:00:00:00,TURK_LIRASI,3800
16948506,101383433,02OCT2014:00:00:00,TURK_LIRASI,450
20758172,105586362,02OCT2014:00:00:00,TURK_LIRASI,300
14573146,57547578,24MAR2015:00:00:00,TURK_LIRASI,200
19850172,162007952,10APR2015:00:00:00,TURK_LIRASI,200
20955787,188456403,10APR2015:00:00:00,TURK_LIRASI,60
9021512,29807547,15AUG2014:00:00:00,TURK_LIRASI,2295
16309426,187525716,10APR2015:00:00:00,TURK_LIRASI,400
10961244,31714368,02OCT2014:00:00:00,TURK_LIRASI,9.66
9054653,168763487,10APR2015:00:00:00,TURK_LIRASI,4000
20018440,109843747,15AUG2014:00:00:00,TURK_LIRASI,2000
14546076,123363176,10APR2015:00:00:00,TURK_LIRASI,430
16448858,67518428,04MAY2015:00:00:00,TURK_LIRASI,400
18750698,85814405,10APR2015:00:00:00,TURK_LIRASI,90
9630284,132385448,15AUG2014:00:00:00,TURK_LIRASI,708.12
10961244,28758810,10APR2015:00:00:00,TURK_LIRASI,6089.28
20846536,106649857,02OCT2014:00:00:00,TURK_LIRASI,500
17320700,74084589,04MAY2015:00:00:00,TURK_LIRASI,2167.03
4365610,27869698,04MAY2015:00:00:00,TURK_LIRASI,7099.98
3542321,137144635,04MAY2015:00:00:00,TURK_LIRASI,4473.92
16309426,161547330,02OCT2014:00:00:00,TURK_LIRASI,750
15748483,135986113,02OCT2014:00:00:00,TURK_LIRASI,250
15370451,68340528,15AUG2014:00:00:00,TURK_LIRASI,95
20217876,147117750,04MAY2015:00:00:00,TURK_LIRASI,368.77
14546076,123363176,02OCT2014:00:00:00,TURK_LIRASI,300
15823515,171529634,04MAY2015:00:00:00,TURK_LIRASI,70
20955787,188456403,04MAY2015:00:00:00,TURK_LIRASI,565
15717336,128192194,04MAY2015:00:00:00,TURK_LIRASI,600
18750698,85814405,02OCT2014:00:00:00,TURK_LIRASI,200
20955787,175202554,04MAY2015:00:00:00,TURK_LIRASI,60
19693997,188038243,04MAY2015:00:00:00,TURK_LIRASI,1000
16981050,72377774,15AUG2014:00:00:00,TURK_LIRASI,2769.85
19464162,119425880,04MAY2015:00:00:00,TURK_LIRASI,90
16309426,187525716,04MAY2015:00:00:00,TURK_LIRASI,350
14190363,170335720,10APR2015:00:00:00,TURK_LIRASI,467.02
18654919,169132500,06FEB2015:00:00:00,TURK_LIRASI,926.5
18745897,128097155,06FEB2015:00:00:00,TURK_LIRASI,520
14690491,59059787,15AUG2014:00:00:00,TURK_LIRASI,864.41
18780990,85527402,30JUN2015:00:00:00,TURK_LIRASI,110
9765025,118030877,15AUG2014:00:00:00,TURK_LIRASI,3048.96
17755740,172016600,30JUN2015:00:00:00,TURK_LIRASI,150
16981050,72377774,04MAY2015:00:00:00,TURK_LIRASI,2169.26
14190363,170335720,30JUN2015:00:00:00,TURK_LIRASI,200
20498552,174795558,30JUN2015:00:00:00,TURK_LIRASI,1220
15823515,142839963,04MAY2015:00:00:00,TURK_LIRASI,750
2853662,165605479,04MAY2015:00:00:00,TURK_LIRASI,1122.05
19858904,140913499,24OCT2014:00:00:00,TURK_LIRASI,250
10961244,31714368,04MAY2015:00:00:00,TURK_LIRASI,48.34
21021028,136963284,30JUN2015:00:00:00,TURK_LIRASI,464.05
17907872,79902508,24OCT2014:00:00:00,TURK_LIRASI,900
19464162,119425880,30JUN2015:00:00:00,TURK_LIRASI,160
15522570,140931532,06FEB2015:00:00:00,TURK_LIRASI,570.04
18760663,86009403,06FEB2015:00:00:00,TURK_LIRASI,4895
20757253,148028581,06FEB2015:00:00:00,TURK_LIRASI,248.32
9682827,100711952,04MAY2015:00:00:00,TURK_LIRASI,900
17365229,95479188,04MAY2015:00:00:00,TURK_LIRASI,2089.81
2782253,29242995,06FEB2015:00:00:00,TURK_LIRASI,1955.12
9054653,168763487,06FEB2015:00:00:00,TURK_LIRASI,7886.07
20846536,106649857,24OCT2014:00:00:00,TURK_LIRASI,250
14801202,58822955,24OCT2014:00:00:00,TURK_LIRASI,70
14288103,59885102,17MAR2015:00:00:00,TURK_LIRASI,5
10961244,28758810,06FEB2015:00:00:00,TURK_LIRASI,2267.06
19693997,152747979,27FEB2015:00:00:00,TURK_LIRASI,80
20498552,174795558,06FEB2015:00:00:00,TURK_LIRASI,2700
19379348,174591669,27FEB2015:00:00:00,TURK_LIRASI,410
19693997,94571553,27FEB2015:00:00:00,TURK_LIRASI,90
18752801,128090947,06FEB2015:00:00:00,TURK_LIRASI,750
12660206,119516330,06FEB2015:00:00:00,AMERIKAN_DOLARI,12.27
15744137,187138387,17MAR2015:00:00:00,TURK_LIRASI,654
2853662,165605479,24OCT2014:00:00:00,TURK_LIRASI,1463.27
14573146,57547578,17MAR2015:00:00:00,TURK_LIRASI,1000
17755740,172016600,27FEB2015:00:00:00,TURK_LIRASI,5788.47
17223830,83861370,17MAR2015:00:00:00,TURK_LIRASI,81.9
9875403,119712345,21NOV2014:00:00:00,EURO,843.9
14801202,58822955,27FEB2015:00:00:00,TURK_LIRASI,600
15438869,142251658,27FEB2015:00:00:00,TURK_LIRASI,1000
17755740,139173793,27FEB2015:00:00:00,TURK_LIRASI,1.23
14190363,170335720,17MAR2015:00:00:00,TURK_LIRASI,195
14288103,59885102,21NOV2014:00:00:00,TURK_LIRASI,80
17907872,79902508,21NOV2014:00:00:00,TURK_LIRASI,800
19693997,188038243,27FEB2015:00:00:00,TURK_LIRASI,2330
19850172,162007952,15DEC2014:00:00:00,TURK_LIRASI,117
4613342,64992804,21NOV2014:00:00:00,TURK_LIRASI,3945.34
14690491,59059787,15DEC2014:00:00:00,TURK_LIRASI,1355.08
14190363,48142292,21NOV2014:00:00:00,TURK_LIRASI,450
20050973,170248551,15DEC2014:00:00:00,TURK_LIRASI,200
15370451,68340528,15DEC2014:00:00:00,TURK_LIRASI,71
9339300,99524066,15DEC2014:00:00:00,TURK_LIRASI,2786.79
4365610,67771086,21NOV2014:00:00:00,TURK_LIRASI,8340.79
16981050,72377774,15DEC2014:00:00:00,TURK_LIRASI,300
14546076,123363176,14NOV2014:00:00:00,TURK_LIRASI,750
9339300,99524066,14NOV2014:00:00:00,TURK_LIRASI,3617.74
8610999,169703427,21NOV2014:00:00:00,TURK_LIRASI,7900
9682827,100711952,21NOV2014:00:00:00,TURK_LIRASI,450
17223830,83861370,14NOV2014:00:00:00,TURK_LIRASI,1831.05
18760663,86009403,15DEC2014:00:00:00,TURK_LIRASI,2225
8610999,29616418,21NOV2014:00:00:00,TURK_LIRASI,300
15744137,187138387,15DEC2014:00:00:00,TURK_LIRASI,886
18750698,85814405,15DEC2014:00:00:00,TURK_LIRASI,425
4837694,188204921,14NOV2014:00:00:00,TURK_LIRASI,600
20007351,98180463,15DEC2014:00:00:00,TURK_LIRASI,430
14801202,58822955,14NOV2014:00:00:00,TURK_LIRASI,1390
13055162,61910289,18AUG2014:00:00:00,TURK_LIRASI,1000
15766015,161602233,13FEB2015:00:00:00,TURK_LIRASI,300
17643688,76768991,05MAY2015:00:00:00,TURK_LIRASI,630.74
17755740,172016600,18AUG2014:00:00:00,TURK_LIRASI,365
20498552,174795558,14NOV2014:00:00:00,TURK_LIRASI,35
20955787,188456403,05MAY2015:00:00:00,TURK_LIRASI,0.64
9021512,29807547,14NOV2014:00:00:00,TURK_LIRASI,1960
9875403,116836890,14NOV2014:00:00:00,TURK_LIRASI,4526.3
14546076,123363176,13FEB2015:00:00:00,TURK_LIRASI,580
20022095,98552515,13FEB2015:00:00:00,TURK_LIRASI,1827.3
14636957,109607139,28NOV2014:00:00:00,TURK_LIRASI,500
20018440,109843747,05MAY2015:00:00:00,TURK_LIRASI,981.92
15766015,161599523,13FEB2015:00:00:00,TURK_LIRASI,200
9339300,99524066,13FEB2015:00:00:00,TURK_LIRASI,5244
18639814,119121946,13FEB2015:00:00:00,TURK_LIRASI,100
19464162,119425880,13FEB2015:00:00:00,TURK_LIRASI,50
9682827,100711952,28NOV2014:00:00:00,TURK_LIRASI,650
15367126,75247901,13FEB2015:00:00:00,TURK_LIRASI,250
17907872,79902508,19DEC2014:00:00:00,TURK_LIRASI,600
20169927,112229742,13FEB2015:00:00:00,TURK_LIRASI,62.03
19858904,140913499,26JUN2015:00:00:00,TURK_LIRASI,0.89
15631424,126953182,19DEC2014:00:00:00,TURK_LIRASI,514.21
17638957,169296555,26JUN2015:00:00:00,TURK_LIRASI,2137.8
19693997,188038243,28NOV2014:00:00:00,TURK_LIRASI,2430
20498552,174795558,28NOV2014:00:00:00,TURK_LIRASI,2211
9054653,168763487,06MAR2015:00:00:00,TURK_LIRASI,8749.54
20498552,174795558,19DEC2014:00:00:00,TURK_LIRASI,400
9054653,76620574,06MAR2015:00:00:00,TURK_LIRASI,145.05
21021028,136963284,06MAR2015:00:00:00,TURK_LIRASI,150
2853662,165605479,26JUN2015:00:00:00,TURK_LIRASI,1217.36
13261710,31548257,26JUN2015:00:00:00,TURK_LIRASI,4052
19379348,174591669,06MAR2015:00:00:00,TURK_LIRASI,100
10961244,28758810,30SEP2014:00:00:00,TURK_LIRASI,3400
20498552,174795558,30SEP2014:00:00:00,TURK_LIRASI,1561.2
18015914,186702508,06MAR2015:00:00:00,TURK_LIRASI,300
9765025,30490672,06MAR2015:00:00:00,TURK_LIRASI,220
20726978,155540483,06MAR2015:00:00:00,TURK_LIRASI,405
9765025,118030877,16SEP2014:00:00:00,TURK_LIRASI,2399.23
14636834,28662716,23DEC2014:00:00:00,TURK_LIRASI,112
14288103,59885102,16SEP2014:00:00:00,TURK_LIRASI,740
18750698,85814405,06MAR2015:00:00:00,TURK_LIRASI,500
13055162,61910289,23DEC2014:00:00:00,TURK_LIRASI,1200
18620847,124081570,06MAR2015:00:00:00,TURK_LIRASI,650
18751734,128090941,16SEP2014:00:00:00,TURK_LIRASI,250
14573146,57547578,12DEC2014:00:00:00,TURK_LIRASI,1700
9054653,168763487,30JAN2015:00:00:00,TURK_LIRASI,3472.6
20758172,105586362,16SEP2014:00:00:00,TURK_LIRASI,700
20050973,170248551,15JUL2014:00:00:00,TURK_LIRASI,250
15438869,142251658,30JAN2015:00:00:00,TURK_LIRASI,2065
16948506,101383433,30JAN2015:00:00:00,TURK_LIRASI,550
17755740,172016600,15JUL2014:00:00:00,TURK_LIRASI,337.97
15367126,75247901,30JAN2015:00:00:00,TURK_LIRASI,600
9021512,29807547,12DEC2014:00:00:00,TURK_LIRASI,1300
9021512,29807547,16SEP2014:00:00:00,TURK_LIRASI,1695
20955787,188456403,12DEC2014:00:00:00,TURK_LIRASI,35
14690491,59059787,15JUL2014:00:00:00,TURK_LIRASI,1520.31
9021512,29807547,15JUL2014:00:00:00,TURK_LIRASI,1440
9630284,132385448,16SEP2014:00:00:00,TURK_LIRASI,908.64
8610999,169703427,15JUL2014:00:00:00,TURK_LIRASI,10000
12660206,119516330,10MAR2015:00:00:00,AMERIKAN_DOLARI,25
4837694,188204921,12DEC2014:00:00:00,TURK_LIRASI,850
17907872,79902508,27MAR2015:00:00:00,TURK_LIRASI,700
18745897,128097155,10MAR2015:00:00:00,TURK_LIRASI,500
20169927,169274644,30JAN2015:00:00:00,TURK_LIRASI,340
18780990,85527402,12DEC2014:00:00:00,TURK_LIRASI,40
25139695,175705463,10MAR2015:00:00:00,TURK_LIRASI,400
2782253,29242995,10MAR2015:00:00:00,TURK_LIRASI,2078.53
20498552,174795558,12DEC2014:00:00:00,TURK_LIRASI,400
9765025,30490672,06APR2015:00:00:00,TURK_LIRASI,3921.79
17643688,76768991,06APR2015:00:00:00,TURK_LIRASI,2070
10961244,28758810,10MAR2015:00:00:00,TURK_LIRASI,3563.04
20022095,98552515,06APR2015:00:00:00,TURK_LIRASI,1529
17223830,195303904,11MAY2015:00:00:00,TURK_LIRASI,452.57
14546076,123363176,10MAR2015:00:00:00,TURK_LIRASI,680
9054653,168763487,11MAY2015:00:00:00,TURK_LIRASI,3000
17967143,85964698,06APR2015:00:00:00,TURK_LIRASI,2427.49
9682827,100711952,10MAR2015:00:00:00,TURK_LIRASI,1030
16981050,72377774,10MAR2015:00:00:00,TURK_LIRASI,1827.02
3908957,66736034,06APR2015:00:00:00,TURK_LIRASI,1347
3054783,124673591,06APR2015:00:00:00,TURK_LIRASI,1858.23
18620847,124081570,08SEP2014:00:00:00,TURK_LIRASI,1200
9021512,29807547,16DEC2014:00:00:00,TURK_LIRASI,3105
18681877,91961755,08SEP2014:00:00:00,TURK_LIRASI,620
15522570,140931532,11MAY2015:00:00:00,TURK_LIRASI,680
12660206,119516330,11MAY2015:00:00:00,AMERIKAN_DOLARI,60
20726978,155540483,16DEC2014:00:00:00,TURK_LIRASI,130
20186282,105036555,08SEP2014:00:00:00,TURK_LIRASI,155
20955787,188456403,16DEC2014:00:00:00,TURK_LIRASI,20
19850172,162007952,16DEC2014:00:00:00,TURK_LIRASI,244
10961244,28758810,08SEP2014:00:00:00,TURK_LIRASI,2943.3
9630284,132385448,16DEC2014:00:00:00,TURK_LIRASI,1428.85
15367126,75247901,11MAY2015:00:00:00,TURK_LIRASI,790
18681877,148464689,08SEP2014:00:00:00,TURK_LIRASI,2350
12660206,63562547,11MAY2015:00:00:00,TURK_LIRASI,7400
9765025,118030877,16DEC2014:00:00:00,TURK_LIRASI,3202.56
19850172,162007952,08SEP2014:00:00:00,TURK_LIRASI,145
17775027,76978610,08SEP2014:00:00:00,TURK_LIRASI,200
15717336,128192194,16DEC2014:00:00:00,TURK_LIRASI,1590
15438869,142251658,02MAY2015:00:00:00,TURK_LIRASI,522.72
16981050,72377774,08SEP2014:00:00:00,TURK_LIRASI,4789.07
16309426,161547330,01SEP2014:00:00:00,TURK_LIRASI,720
15744137,187138387,15APR2015:00:00:00,TURK_LIRASI,1487
2782253,29242995,08SEP2014:00:00:00,TURK_LIRASI,443.99
4365610,27869698,01SEP2014:00:00:00,TURK_LIRASI,8760.98
20726978,155540483,09DEC2014:00:00:00,TURK_LIRASI,50
3908957,66736034,09DEC2014:00:00:00,TURK_LIRASI,400
15748483,135986113,31OCT2014:00:00:00,TURK_LIRASI,105
18780990,85527402,15APR2015:00:00:00,TURK_LIRASI,200
8610999,169703427,15APR2015:00:00:00,TURK_LIRASI,3400
16448858,67518428,01SEP2014:00:00:00,TURK_LIRASI,1000
19850172,162007952,09DEC2014:00:00:00,TURK_LIRASI,200
20498552,174795558,31OCT2014:00:00:00,TURK_LIRASI,2032.25
15766015,161599523,09DEC2014:00:00:00,TURK_LIRASI,1100
20186282,105036555,09DEC2014:00:00:00,TURK_LIRASI,150
18108316,164751766,31OCT2014:00:00:00,TURK_LIRASI,200
10961244,31714368,01SEP2014:00:00:00,TURK_LIRASI,9.44
20217876,147117750,31OCT2014:00:00:00,TURK_LIRASI,157.88
17320700,74084589,01SEP2014:00:00:00,TURK_LIRASI,5601
18108316,164751766,01SEP2014:00:00:00,TURK_LIRASI,655
15766015,161602233,09DEC2014:00:00:00,TURK_LIRASI,1615
23187800,132525151,31OCT2014:00:00:00,TURK_LIRASI,550
9021512,29807547,15APR2015:00:00:00,TURK_LIRASI,4510
16948506,101383433,31OCT2014:00:00:00,TURK_LIRASI,1100
15370451,68340528,15APR2015:00:00:00,TURK_LIRASI,329
14690491,59059787,15APR2015:00:00:00,TURK_LIRASI,2968.37
17638957,169296555,26DEC2014:00:00:00,TURK_LIRASI,2156.33
20018440,109843747,17NOV2014:00:00:00,TURK_LIRASI,2000
9054653,168763487,20MAR2015:00:00:00,TURK_LIRASI,1500
20018440,109843747,20MAR2015:00:00:00,TURK_LIRASI,2000
17365229,95479188,26DEC2014:00:00:00,TURK_LIRASI,2801.17
17755740,172016600,20MAR2015:00:00:00,TURK_LIRASI,300
4365610,67771086,20MAR2015:00:00:00,TURK_LIRASI,3244.8
18108316,164751766,01DEC2014:00:00:00,TURK_LIRASI,370
15631424,126953182,20MAR2015:00:00:00,TURK_LIRASI,1040.14
15748483,135986113,26DEC2014:00:00:00,TURK_LIRASI,300
9875403,116836890,20MAR2015:00:00:00,TURK_LIRASI,2770.35
20050973,170248551,20MAR2015:00:00:00,TURK_LIRASI,100
20758172,105586362,17NOV2014:00:00:00,TURK_LIRASI,1900
18760663,86009403,17NOV2014:00:00:00,TURK_LIRASI,2005
19858904,140913499,26DEC2014:00:00:00,TURK_LIRASI,23.37
4365610,27869698,01DEC2014:00:00:00,TURK_LIRASI,7037.64
13055162,61910289,01DEC2014:00:00:00,TURK_LIRASI,1050
16948506,101383433,26DEC2014:00:00:00,TURK_LIRASI,2000
17365229,95479188,01DEC2014:00:00:00,TURK_LIRASI,1332.43
18780990,85527402,20MAR2015:00:00:00,TURK_LIRASI,200
9630284,132385448,17NOV2014:00:00:00,TURK_LIRASI,1652.6
15664189,64291264,01DEC2014:00:00:00,TURK_LIRASI,1708.79
17320700,74084589,01DEC2014:00:00:00,TURK_LIRASI,3250
15370451,68340528,17NOV2014:00:00:00,TURK_LIRASI,151
14288103,59885102,26DEC2014:00:00:00,TURK_LIRASI,220
20498552,174795558,01DEC2014:00:00:00,TURK_LIRASI,300.64
9875403,119712345,20MAR2015:00:00:00,EURO,85
9765025,118030877,17NOV2014:00:00:00,TURK_LIRASI,1718.44
15744137,187138387,15JAN2015:00:00:00,TURK_LIRASI,929
15986491,156031320,21JUL2014:00:00:00,TURK_LIRASI,290
14690491,59059787,17NOV2014:00:00:00,TURK_LIRASI,1322.39
15367126,75247901,15JAN2015:00:00:00,TURK_LIRASI,85
17775027,76978610,15JAN2015:00:00:00,TURK_LIRASI,145
17223830,83861370,10OCT2014:00:00:00,TURK_LIRASI,3487.08
9021512,29807547,17NOV2014:00:00:00,TURK_LIRASI,1000
17303354,132691741,10OCT2014:00:00:00,TURK_LIRASI,200
4365610,67771086,21JUL2014:00:00:00,TURK_LIRASI,4523.73
3054783,29216393,10OCT2014:00:00:00,TURK_LIRASI,185.33
16981050,72377774,21JUL2014:00:00:00,TURK_LIRASI,2000
18751734,128090941,21JUL2014:00:00:00,TURK_LIRASI,200
15631424,126953182,21JUL2014:00:00:00,TURK_LIRASI,1000
18751734,128090941,09JAN2015:00:00:00,TURK_LIRASI,100
9054653,168763487,09JAN2015:00:00:00,TURK_LIRASI,156.41
18654919,169132500,09JAN2015:00:00:00,TURK_LIRASI,142.5
17303354,132691741,09JAN2015:00:00:00,TURK_LIRASI,1500
20757253,148028581,09JAN2015:00:00:00,TURK_LIRASI,255
18745897,128097155,09JAN2015:00:00:00,TURK_LIRASI,506
18681877,148464689,10OCT2014:00:00:00,TURK_LIRASI,500
17682882,78586564,15JAN2015:00:00:00,TURK_LIRASI,200
18909213,186821431,10OCT2014:00:00:00,TURK_LIRASI,41.68
20758172,105586362,15JAN2015:00:00:00,TURK_LIRASI,1250
9021512,29807547,15JAN2015:00:00:00,TURK_LIRASI,4000
19693997,188038243,15JAN2015:00:00:00,TURK_LIRASI,900
4365610,37014958,10OCT2014:00:00:00,TURK_LIRASI,165
9875403,116836890,21JUL2014:00:00:00,TURK_LIRASI,7054.39
20726978,155540483,21JUL2014:00:00:00,TURK_LIRASI,100
15370451,68340528,15JAN2015:00:00:00,TURK_LIRASI,71
14690491,59059787,15JAN2015:00:00:00,TURK_LIRASI,1737.44
13055162,61910289,21JUL2014:00:00:00,TURK_LIRASI,1600
18780990,85527402,09JAN2015:00:00:00,TURK_LIRASI,245
20034136,128044306,10OCT2014:00:00:00,TURK_LIRASI,700
12660206,63562547,10OCT2014:00:00:00,TURK_LIRASI,6600
15522570,140931532,10OCT2014:00:00:00,TURK_LIRASI,171.5
16981050,72377774,10OCT2014:00:00:00,TURK_LIRASI,3124.78
18620847,124081570,09JAN2015:00:00:00,TURK_LIRASI,550
18909213,172194428,10OCT2014:00:00:00,TURK_LIRASI,790
9682827,100711952,30MAR2015:00:00:00,TURK_LIRASI,900
21213035,189392913,09JAN2015:00:00:00,TURK_LIRASI,200
9875403,119712345,22SEP2014:00:00:00,EURO,30.16
15664189,64291264,30MAR2015:00:00:00,TURK_LIRASI,2048.7
21213035,189392913,30MAR2015:00:00:00,TURK_LIRASI,450
18752801,128090947,30MAR2015:00:00:00,TURK_LIRASI,3.21
17682882,78586564,10OCT2014:00:00:00,TURK_LIRASI,623
17625161,176143401,22SEP2014:00:00:00,TURK_LIRASI,260
19850172,162007952,10OCT2014:00:00:00,TURK_LIRASI,220
18760663,86009403,09JAN2015:00:00:00,TURK_LIRASI,1885
8610999,169703427,22SEP2014:00:00:00,TURK_LIRASI,2450
4613342,64992804,22SEP2014:00:00:00,TURK_LIRASI,4911.11
13261710,31548257,22SEP2014:00:00:00,TURK_LIRASI,3950
10961244,28758810,09JAN2015:00:00:00,TURK_LIRASI,2267.3
15986491,156031320,22SEP2014:00:00:00,TURK_LIRASI,410
9054653,76620574,09JAN2015:00:00:00,TURK_LIRASI,243.59
17775027,76978610,12MAY2015:00:00:00,TURK_LIRASI,156.12
18751734,128090941,12MAY2015:00:00:00,TURK_LIRASI,250
14190363,170335720,15OCT2014:00:00:00,TURK_LIRASI,400
17257260,89487123,15OCT2014:00:00:00,TURK_LIRASI,1994.54
14690491,59059787,15OCT2014:00:00:00,TURK_LIRASI,3014.97
15986491,156031320,12MAY2015:00:00:00,TURK_LIRASI,80
9875403,116836890,22SEP2014:00:00:00,TURK_LIRASI,4224.81
19464162,119425880,02MAR2015:00:00:00,TURK_LIRASI,40
4365610,67771086,22SEP2014:00:00:00,TURK_LIRASI,10786.57
15664189,64291264,02MAR2015:00:00:00,TURK_LIRASI,5300
17365229,95479188,02MAR2015:00:00:00,TURK_LIRASI,878.51
15370451,68340528,15OCT2014:00:00:00,TURK_LIRASI,98
20747527,191947412,12MAY2015:00:00:00,TURK_LIRASI,58.17
20726978,155540483,22JUL2014:00:00:00,TURK_LIRASI,100
4365610,27869698,02MAR2015:00:00:00,TURK_LIRASI,14722.48
13055162,61910289,22JUL2014:00:00:00,TURK_LIRASI,500
4613342,64992804,22AUG2014:00:00:00,TURK_LIRASI,5856.81
15438869,142251658,02MAR2015:00:00:00,TURK_LIRASI,1512
4613342,64992804,22JUL2014:00:00:00,TURK_LIRASI,5677.43
17320700,74084589,02MAR2015:00:00:00,TURK_LIRASI,2725.03
15766015,161602233,09SEP2014:00:00:00,TURK_LIRASI,440
13055162,61910289,16APR2015:00:00:00,TURK_LIRASI,868
14288103,59885102,22AUG2014:00:00:00,TURK_LIRASI,300
20034136,128044306,09SEP2014:00:00:00,TURK_LIRASI,800
14190363,170335720,16APR2015:00:00:00,TURK_LIRASI,23.4
18909213,186821431,09SEP2014:00:00:00,TURK_LIRASI,750
13261710,31548257,18NOV2014:00:00:00,TURK_LIRASI,3950
9630284,132385448,16APR2015:00:00:00,TURK_LIRASI,1659.19
20726978,155540483,16APR2015:00:00:00,TURK_LIRASI,320
8610999,169703427,22AUG2014:00:00:00,TURK_LIRASI,5520
9339300,99524066,16APR2015:00:00:00,TURK_LIRASI,4
20726978,155540483,09SEP2014:00:00:00,TURK_LIRASI,350
19858904,140913499,18NOV2014:00:00:00,TURK_LIRASI,330
18752801,128090947,09SEP2014:00:00:00,TURK_LIRASI,559
18909213,172194428,09SEP2014:00:00:00,TURK_LIRASI,100
12660206,63562547,09SEP2014:00:00:00,TURK_LIRASI,10634.8
17907872,79902508,16APR2015:00:00:00,TURK_LIRASI,1100
20955787,175202554,18NOV2014:00:00:00,TURK_LIRASI,535
17755740,172016600,18NOV2014:00:00:00,TURK_LIRASI,148.31
3908957,66736034,17FEB2015:00:00:00,TURK_LIRASI,866
20758172,187616600,16APR2015:00:00:00,TURK_LIRASI,1825
9765025,118030877,16APR2015:00:00:00,TURK_LIRASI,1192.96
12660206,63562547,11NOV2014:00:00:00,TURK_LIRASI,3445
16981050,72377774,10NOV2014:00:00:00,TURK_LIRASI,2737.96
4365610,67771086,23MAR2015:00:00:00,TURK_LIRASI,7306.11
4365610,37014958,11NOV2014:00:00:00,TURK_LIRASI,165
20726978,155540483,11NOV2014:00:00:00,TURK_LIRASI,400
17303354,132691741,11NOV2014:00:00:00,TURK_LIRASI,700
4837694,188204921,17FEB2015:00:00:00,TURK_LIRASI,250
9054653,168763487,10NOV2014:00:00:00,TURK_LIRASI,1400
11711129,194572718,23MAR2015:00:00:00,TURK_LIRASI,100
2853662,165605479,23MAR2015:00:00:00,TURK_LIRASI,1142.92
15766015,161602233,11NOV2014:00:00:00,TURK_LIRASI,249.98
10961244,28758810,10NOV2014:00:00:00,TURK_LIRASI,2904.1
12660206,63562547,10NOV2014:00:00:00,TURK_LIRASI,9000
14573146,57547578,17FEB2015:00:00:00,TURK_LIRASI,1200
15438869,142251658,11NOV2014:00:00:00,TURK_LIRASI,950
4613342,64992804,23MAR2015:00:00:00,TURK_LIRASI,5186.6
3054783,29216393,11NOV2014:00:00:00,TURK_LIRASI,122.43
18108316,164751766,10NOV2014:00:00:00,TURK_LIRASI,200
20186282,105036555,10NOV2014:00:00:00,TURK_LIRASI,565
20726978,155540483,10NOV2014:00:00:00,TURK_LIRASI,170
19464162,119425880,23MAR2015:00:00:00,TURK_LIRASI,140
17365229,95479188,23JUN2015:00:00:00,TURK_LIRASI,2000
15766015,161602233,23JUN2015:00:00:00,TURK_LIRASI,1000
20022095,98552515,10NOV2014:00:00:00,TURK_LIRASI,784.47
17907872,79902508,23JUN2015:00:00:00,TURK_LIRASI,100
20758172,105586362,01OCT2014:00:00:00,TURK_LIRASI,1000
14801202,58822955,01OCT2014:00:00:00,TURK_LIRASI,2180
10961244,31714368,02FEB2015:00:00:00,TURK_LIRASI,38.92
17320700,74084589,01OCT2014:00:00:00,TURK_LIRASI,3724
20498552,174795558,23JUN2015:00:00:00,TURK_LIRASI,400
3542321,137144635,02FEB2015:00:00:00,TURK_LIRASI,9049.59
21242221,154216099,13JAN2015:00:00:00,TURK_LIRASI,0.01
17682882,78586564,24NOV2014:00:00:00,TURK_LIRASI,130
8610999,169703427,24NOV2014:00:00:00,TURK_LIRASI,400
9054653,168763487,02FEB2015:00:00:00,TURK_LIRASI,4589.54
15986491,156031320,02FEB2015:00:00:00,TURK_LIRASI,110
12660206,119516330,01OCT2014:00:00:00,AMERIKAN_DOLARI,31.29
17682882,78586564,02FEB2015:00:00:00,TURK_LIRASI,150
15823515,142839963,02FEB2015:00:00:00,TURK_LIRASI,255
20955787,188456403,02FEB2015:00:00:00,TURK_LIRASI,100
20007351,98180463,02FEB2015:00:00:00,TURK_LIRASI,320
18750698,85814405,24NOV2014:00:00:00,TURK_LIRASI,120
16948506,101383433,01OCT2014:00:00:00,TURK_LIRASI,1000
18750698,85814405,01OCT2014:00:00:00,TURK_LIRASI,103.3
15823515,171529634,02FEB2015:00:00:00,TURK_LIRASI,230
17320700,74084589,02FEB2015:00:00:00,TURK_LIRASI,4110.58
4365610,27869698,01OCT2014:00:00:00,TURK_LIRASI,6192.88
19858904,140913499,26JAN2015:00:00:00,TURK_LIRASI,676.98
16448858,67518428,01OCT2014:00:00:00,TURK_LIRASI,470
9054653,76620574,02FEB2015:00:00:00,TURK_LIRASI,350.65
15543294,188855590,24NOV2014:00:00:00,TURK_LIRASI,50
20217876,147117750,02FEB2015:00:00:00,TURK_LIRASI,27
23187800,132525151,26JAN2015:00:00:00,TURK_LIRASI,625
20955787,175202554,08DEC2014:00:00:00,TURK_LIRASI,110
17638957,169296555,26JAN2015:00:00:00,TURK_LIRASI,2390.4
4365610,27869698,02FEB2015:00:00:00,TURK_LIRASI,6258.89
2782253,29242995,08DEC2014:00:00:00,TURK_LIRASI,1775.47
16448858,67518428,24NOV2014:00:00:00,TURK_LIRASI,800
20498552,174795558,02FEB2015:00:00:00,TURK_LIRASI,2950
16448858,67518428,02FEB2015:00:00:00,TURK_LIRASI,1000
14288103,59885102,20APR2015:00:00:00,TURK_LIRASI,730
20757253,148028581,08DEC2014:00:00:00,TURK_LIRASI,210
15631424,126953182,20APR2015:00:00:00,TURK_LIRASI,512.83
18751734,128090941,20APR2015:00:00:00,TURK_LIRASI,250
18745897,128097155,08DEC2014:00:00:00,TURK_LIRASI,455
18681877,148464689,11JUL2014:00:00:00,TURK_LIRASI,900
17303354,132691741,11JUL2014:00:00:00,TURK_LIRASI,450
20050973,170248551,20APR2015:00:00:00,TURK_LIRASI,3.5
4365610,37014958,11JUL2014:00:00:00,TURK_LIRASI,165
12660206,63562547,11JUL2014:00:00:00,TURK_LIRASI,860
20018440,109843747,28APR2015:00:00:00,TURK_LIRASI,500
15367126,75247901,11JUL2014:00:00:00,TURK_LIRASI,5
18654919,169132500,11JUL2014:00:00:00,TURK_LIRASI,6.11
15543294,188855590,20APR2015:00:00:00,TURK_LIRASI,803.07
17755740,172016600,20APR2015:00:00:00,TURK_LIRASI,280
18909213,172194428,11JUL2014:00:00:00,TURK_LIRASI,861.52
9021512,29807547,11JUL2014:00:00:00,TURK_LIRASI,885
18681877,91961755,11JUL2014:00:00:00,TURK_LIRASI,100
20186282,105036555,23SEP2014:00:00:00,TURK_LIRASI,412
9021512,29807547,08AUG2014:00:00:00,TURK_LIRASI,1490
16448858,67518428,01APR2015:00:00:00,TURK_LIRASI,250
18620847,124081570,08AUG2014:00:00:00,TURK_LIRASI,170
3054783,29216393,11JUL2014:00:00:00,TURK_LIRASI,682.52
18681877,148464689,08AUG2014:00:00:00,TURK_LIRASI,727.25
20726978,155540483,08AUG2014:00:00:00,TURK_LIRASI,60
10961244,31714368,01APR2015:00:00:00,TURK_LIRASI,46.48
8610999,169703427,23SEP2014:00:00:00,TURK_LIRASI,6000
15438869,142251658,01APR2015:00:00:00,TURK_LIRASI,2119.69
18654919,169132500,08AUG2014:00:00:00,TURK_LIRASI,3836.2
4365610,27869698,01APR2015:00:00:00,TURK_LIRASI,7649.06
18909213,186821431,06JAN2015:00:00:00,TURK_LIRASI,370
9339300,99524066,14APR2015:00:00:00,TURK_LIRASI,3250.92
20050973,170248551,20FEB2015:00:00:00,TURK_LIRASI,300
15823515,171529634,08AUG2014:00:00:00,TURK_LIRASI,100
4365610,67771086,20FEB2015:00:00:00,TURK_LIRASI,6876.13
15823515,142839963,08AUG2014:00:00:00,TURK_LIRASI,140
20018440,109843747,20FEB2015:00:00:00,TURK_LIRASI,2670
8610999,169703427,14APR2015:00:00:00,TURK_LIRASI,5100
9875403,119712345,20FEB2015:00:00:00,EURO,118.33
20955787,188456403,06JAN2015:00:00:00,TURK_LIRASI,750
15717336,128192194,20FEB2015:00:00:00,TURK_LIRASI,375
13055162,61910289,20FEB2015:00:00:00,TURK_LIRASI,1140
18745897,128097155,22JUN2015:00:00:00,TURK_LIRASI,1000
4365610,67771086,22JUN2015:00:00:00,TURK_LIRASI,10267.85
4613342,64992804,22JUN2015:00:00:00,TURK_LIRASI,6778.32
9875403,116836890,20FEB2015:00:00:00,TURK_LIRASI,4702.98
9875403,116836890,22JUN2015:00:00:00,TURK_LIRASI,3562.47
9875403,119712345,22JUN2015:00:00:00,EURO,144.88
15748483,135986113,29AUG2014:00:00:00,TURK_LIRASI,55
2853662,165605479,20FEB2015:00:00:00,TURK_LIRASI,1734.17
20498552,174795558,29AUG2014:00:00:00,TURK_LIRASI,977.56
20846536,106649857,23FEB2015:00:00:00,TURK_LIRASI,150
14546076,123363176,29AUG2014:00:00:00,TURK_LIRASI,50
20758172,105586362,20FEB2015:00:00:00,TURK_LIRASI,870
20217876,147117750,29AUG2014:00:00:00,TURK_LIRASI,90.71
14288103,59885102,23FEB2015:00:00:00,TURK_LIRASI,575
15543294,188855590,23FEB2015:00:00:00,TURK_LIRASI,410
17907872,79902508,29AUG2014:00:00:00,TURK_LIRASI,600
2853662,165605479,29AUG2014:00:00:00,TURK_LIRASI,2550
4613342,64992804,23FEB2015:00:00:00,TURK_LIRASI,15749.83
17625161,176143401,29AUG2014:00:00:00,TURK_LIRASI,200
20498552,174795558,22JUN2015:00:00:00,TURK_LIRASI,350
20007351,98180463,29AUG2014:00:00:00,TURK_LIRASI,1265
17365229,95479188,29AUG2014:00:00:00,TURK_LIRASI,1851.07
17682882,78586564,23FEB2015:00:00:00,TURK_LIRASI,400
4365610,37014958,11SEP2014:00:00:00,TURK_LIRASI,165
19693997,152747979,11SEP2014:00:00:00,TURK_LIRASI,500
3054783,29216393,11SEP2014:00:00:00,TURK_LIRASI,57.58
20169927,169274644,01AUG2014:00:00:00,TURK_LIRASI,460.1
15664189,64291264,01AUG2014:00:00:00,TURK_LIRASI,1100
18909213,186821431,08OCT2014:00:00:00,TURK_LIRASI,2.3
2782253,29242995,08OCT2014:00:00:00,TURK_LIRASI,2202.68
15766015,161599523,11SEP2014:00:00:00,TURK_LIRASI,250
18681877,148464689,03NOV2014:00:00:00,TURK_LIRASI,1050
18681877,91961755,01AUG2014:00:00:00,TURK_LIRASI,185
20169927,112229742,01AUG2014:00:00:00,TURK_LIRASI,119.5
20498552,174795558,01AUG2014:00:00:00,TURK_LIRASI,151.31
18751734,128090941,08OCT2014:00:00:00,TURK_LIRASI,1221
15543294,188855590,08APR2015:00:00:00,TURK_LIRASI,30.11
15823515,142839963,08OCT2014:00:00:00,TURK_LIRASI,200
16948506,101383433,03NOV2014:00:00:00,TURK_LIRASI,715
15766015,161602233,08APR2015:00:00:00,TURK_LIRASI,420
9054653,76620574,08OCT2014:00:00:00,TURK_LIRASI,302.75
15766015,161599523,08APR2015:00:00:00,TURK_LIRASI,50
14288103,59885102,03NOV2014:00:00:00,TURK_LIRASI,570
18681877,91961755,03NOV2014:00:00:00,TURK_LIRASI,60
4365610,27869698,01AUG2014:00:00:00,TURK_LIRASI,6518.08
18015914,186702508,08APR2015:00:00:00,TURK_LIRASI,140
17682882,78586564,03NOV2014:00:00:00,TURK_LIRASI,200
9765025,30490672,08OCT2014:00:00:00,TURK_LIRASI,3460.2
18752801,128090947,08APR2015:00:00:00,TURK_LIRASI,600
21213035,189392913,08APR2015:00:00:00,TURK_LIRASI,240
20726978,155540483,08OCT2014:00:00:00,TURK_LIRASI,260
3542321,137144635,03NOV2014:00:00:00,TURK_LIRASI,4839.33
20022095,98552515,08OCT2014:00:00:00,TURK_LIRASI,1305.52
3054783,124673591,08OCT2014:00:00:00,TURK_LIRASI,824.54
16792108,148247128,01AUG2014:00:00:00,TURK_LIRASI,500
15986491,156031320,03NOV2014:00:00:00,TURK_LIRASI,180
10961244,31714368,03NOV2014:00:00:00,TURK_LIRASI,5.8
17365229,95479188,01AUG2014:00:00:00,TURK_LIRASI,6880
10961244,31714368,01AUG2014:00:00:00,TURK_LIRASI,9.07
9054653,168763487,08OCT2014:00:00:00,TURK_LIRASI,6861.67
17967143,85964698,08OCT2014:00:00:00,TURK_LIRASI,695.01
16464282,164800755,01AUG2014:00:00:00,TURK_LIRASI,100
17643688,76768991,08OCT2014:00:00:00,TURK_LIRASI,340
20955787,175202554,08OCT2014:00:00:00,TURK_LIRASI,500
4365610,27869698,03NOV2014:00:00:00,TURK_LIRASI,10957.88
9875403,116836890,22DEC2014:00:00:00,TURK_LIRASI,2966.91
9682827,100711952,22DEC2014:00:00:00,TURK_LIRASI,1596
20018440,109843747,27APR2015:00:00:00,TURK_LIRASI,1228.24
18620847,124081570,06MAY2015:00:00:00,TURK_LIRASI,580
9054653,168763487,27NOV2014:00:00:00,TURK_LIRASI,3797.78
17638957,169296555,27APR2015:00:00:00,TURK_LIRASI,3253.44
4365610,67771086,22DEC2014:00:00:00,TURK_LIRASI,9207.73
20022095,98552515,06MAY2015:00:00:00,TURK_LIRASI,1487.56
19379348,174591669,27NOV2014:00:00:00,TURK_LIRASI,500
20186282,105036555,27APR2015:00:00:00,TURK_LIRASI,595
13261710,31548257,27APR2015:00:00:00,TURK_LIRASI,3950
8610999,169703427,22DEC2014:00:00:00,TURK_LIRASI,3200
3054783,124673591,06MAY2015:00:00:00,TURK_LIRASI,1067.84
8610999,29616418,22DEC2014:00:00:00,TURK_LIRASI,200
4613342,64992804,22DEC2014:00:00:00,TURK_LIRASI,3993.7
14801202,58822955,27APR2015:00:00:00,TURK_LIRASI,1480
9875403,119712345,22DEC2014:00:00:00,EURO,833.45
13055162,61910289,22DEC2014:00:00:00,TURK_LIRASI,650
17967143,85964698,06MAY2015:00:00:00,TURK_LIRASI,25.22
14636957,109607139,27APR2015:00:00:00,TURK_LIRASI,20
19858904,140913499,17SEP2014:00:00:00,TURK_LIRASI,550
18681877,148464689,06MAY2015:00:00:00,TURK_LIRASI,2410
9765025,30490672,06MAY2015:00:00:00,TURK_LIRASI,2563.4
15986491,156031320,27APR2015:00:00:00,TURK_LIRASI,50
19858904,140913499,27APR2015:00:00:00,TURK_LIRASI,280.06
9054653,168763487,05AUG2014:00:00:00,TURK_LIRASI,1896.54
20018440,109843747,17SEP2014:00:00:00,TURK_LIRASI,2000
14636834,28662716,17SEP2014:00:00:00,TURK_LIRASI,80
16400475,111219012,05AUG2014:00:00:00,TURK_LIRASI,6800
16309426,161547330,05AUG2014:00:00:00,TURK_LIRASI,464
3054783,124673591,05AUG2014:00:00:00,TURK_LIRASI,2334.06
10961244,28758810,05AUG2014:00:00:00,TURK_LIRASI,2239.59
23187800,132525151,26SEP2014:00:00:00,TURK_LIRASI,250
9682827,100711952,26SEP2014:00:00:00,TURK_LIRASI,700
20022095,98552515,05AUG2014:00:00:00,TURK_LIRASI,975.21
14190363,170335720,26SEP2014:00:00:00,TURK_LIRASI,140
17967143,85964698,05AUG2014:00:00:00,TURK_LIRASI,651.76
9054653,76620574,05AUG2014:00:00:00,TURK_LIRASI,482.52
18909213,172194428,05AUG2014:00:00:00,TURK_LIRASI,800
15631424,126953182,20MAY2015:00:00:00,TURK_LIRASI,514.21
9765025,30490672,05AUG2014:00:00:00,TURK_LIRASI,3179.98
14190363,48142292,26SEP2014:00:00:00,TURK_LIRASI,160
17638957,169296555,26SEP2014:00:00:00,TURK_LIRASI,1591
17643688,76768991,04NOV2014:00:00:00,TURK_LIRASI,275
16792108,148247128,04NOV2014:00:00:00,TURK_LIRASI,400
17365229,95479188,26SEP2014:00:00:00,TURK_LIRASI,2279
11711129,194572718,20MAY2015:00:00:00,TURK_LIRASI,50
9682827,100711952,04NOV2014:00:00:00,TURK_LIRASI,350
19858904,140913499,26SEP2014:00:00:00,TURK_LIRASI,362.38
17967143,85964698,29DEC2014:00:00:00,TURK_LIRASI,3623.8
19693997,94571553,04NOV2014:00:00:00,TURK_LIRASI,100
19693997,152747979,04NOV2014:00:00:00,TURK_LIRASI,340
16448858,67518428,04NOV2014:00:00:00,TURK_LIRASI,300
18654919,169132500,04NOV2014:00:00:00,TURK_LIRASI,120
16400475,111219012,28OCT2014:00:00:00,TURK_LIRASI,13400
17320700,74084589,04NOV2014:00:00:00,TURK_LIRASI,3365
9765025,30490672,04NOV2014:00:00:00,TURK_LIRASI,220
20758172,105586362,16OCT2014:00:00:00,TURK_LIRASI,700
14636834,28662716,16OCT2014:00:00:00,TURK_LIRASI,170
14636957,109607139,19JAN2015:00:00:00,TURK_LIRASI,500
23187800,132525151,28OCT2014:00:00:00,TURK_LIRASI,380
15664189,64291264,28OCT2014:00:00:00,TURK_LIRASI,4000
9021512,29807547,16OCT2014:00:00:00,TURK_LIRASI,4320
15717336,128192194,16OCT2014:00:00:00,TURK_LIRASI,950
8610999,169703427,19JAN2015:00:00:00,TURK_LIRASI,4000
9630284,132385448,16OCT2014:00:00:00,TURK_LIRASI,2450.17
18108316,164751766,16OCT2014:00:00:00,TURK_LIRASI,500
18108316,164751766,07JUL2014:00:00:00,TURK_LIRASI,1050
9765025,118030877,16OCT2014:00:00:00,TURK_LIRASI,3685.44
13261710,31548257,19JAN2015:00:00:00,TURK_LIRASI,1800
20050973,170248551,19JAN2015:00:00:00,TURK_LIRASI,90
15823515,142839963,02DEC2014:00:00:00,TURK_LIRASI,70
9875403,116836890,21MAY2015:00:00:00,TURK_LIRASI,3560.64
17755740,172016600,02DEC2014:00:00:00,TURK_LIRASI,219
4365610,67771086,21MAY2015:00:00:00,TURK_LIRASI,7636.32
20955787,175202554,19JAN2015:00:00:00,TURK_LIRASI,70
17682882,78586564,21MAY2015:00:00:00,TURK_LIRASI,200
18752801,128090947,07JUL2014:00:00:00,TURK_LIRASI,555.5
14636957,109607139,21MAY2015:00:00:00,TURK_LIRASI,1000
9765025,30490672,03FEB2015:00:00:00,TURK_LIRASI,190
19693997,188038243,03FEB2015:00:00:00,TURK_LIRASI,1700
16400475,111219012,07JUL2014:00:00:00,TURK_LIRASI,21912
15823515,171529634,02DEC2014:00:00:00,TURK_LIRASI,125
15438869,142251658,03FEB2015:00:00:00,TURK_LIRASI,505.2
16792108,148247128,03FEB2015:00:00:00,TURK_LIRASI,470
9765025,30490672,07JUL2014:00:00:00,TURK_LIRASI,2088.23
17775027,76978610,07JUL2014:00:00:00,TURK_LIRASI,110
16948506,101383433,03FEB2015:00:00:00,TURK_LIRASI,1000
3054783,124673591,07JUL2014:00:00:00,TURK_LIRASI,2283.29
19464162,119425880,02DEC2014:00:00:00,TURK_LIRASI,102.46
15664189,64291264,02DEC2014:00:00:00,TURK_LIRASI,4300
10961244,31714368,02DEC2014:00:00:00,TURK_LIRASI,9.08
20726978,155540483,07JUL2014:00:00:00,TURK_LIRASI,100
9875403,119712345,21MAY2015:00:00:00,EURO,162.17
16948506,101383433,02DEC2014:00:00:00,TURK_LIRASI,900
20498552,174795558,21MAY2015:00:00:00,TURK_LIRASI,300
25139695,175705463,02DEC2014:00:00:00,TURK_LIRASI,300
15823515,171529634,07JUL2014:00:00:00,TURK_LIRASI,220
3908957,66736034,21MAY2015:00:00:00,TURK_LIRASI,446.04
17643688,76768991,03FEB2015:00:00:00,TURK_LIRASI,1450
19693997,94571553,03FEB2015:00:00:00,TURK_LIRASI,100
20022095,98552515,07JUL2014:00:00:00,TURK_LIRASI,819.65
16309426,161547330,03FEB2015:00:00:00,TURK_LIRASI,391
9682827,100711952,03FEB2015:00:00:00,TURK_LIRASI,410
20747527,191947412,13APR2015:00:00:00,TURK_LIRASI,43.15
18752801,128090947,07MAY2015:00:00:00,TURK_LIRASI,650
17682882,78586564,07MAY2015:00:00:00,TURK_LIRASI,200
17967143,85964698,07MAY2015:00:00:00,TURK_LIRASI,1811.73
16309426,187525716,07MAY2015:00:00:00,TURK_LIRASI,277
20846536,106649857,07MAY2015:00:00:00,TURK_LIRASI,150
19693997,94571553,07MAY2015:00:00:00,TURK_LIRASI,71
14801202,58822955,04AUG2014:00:00:00,TURK_LIRASI,720
19850172,162007952,07MAY2015:00:00:00,TURK_LIRASI,228
19693997,152747979,07MAY2015:00:00:00,TURK_LIRASI,83
17643688,76768991,04AUG2014:00:00:00,TURK_LIRASI,700
16948506,101383433,04AUG2014:00:00:00,TURK_LIRASI,1100
21021028,136963284,04AUG2014:00:00:00,TURK_LIRASI,200
15367126,75247901,13APR2015:00:00:00,TURK_LIRASI,2150
20757253,148028581,14OCT2014:00:00:00,TURK_LIRASI,225
9339300,99524066,14OCT2014:00:00:00,TURK_LIRASI,3722.16
16792108,148247128,02SEP2014:00:00:00,TURK_LIRASI,340
16948506,101383433,02SEP2014:00:00:00,TURK_LIRASI,1160
15823515,171529634,03MAR2015:00:00:00,TURK_LIRASI,40
3542321,137144635,02SEP2014:00:00:00,TURK_LIRASI,4190.96
13055162,61910289,02SEP2014:00:00:00,TURK_LIRASI,900
20498552,174795558,03MAR2015:00:00:00,TURK_LIRASI,1496.11
8610999,169703427,25NOV2014:00:00:00,TURK_LIRASI,3300
16448858,67518428,03MAR2015:00:00:00,TURK_LIRASI,600
21242221,154216099,18OCT2014:00:00:00,TURK_LIRASI,351.37
21242221,163138482,18OCT2014:00:00:00,TURK_LIRASI,618.58
21242221,155779423,18OCT2014:00:00:00,TURK_LIRASI,5
17643688,76768991,03MAR2015:00:00:00,TURK_LIRASI,1240
21242221,161759441,18OCT2014:00:00:00,TURK_LIRASI,11.85
17775027,76978610,03MAR2015:00:00:00,TURK_LIRASI,300
15823515,142839963,03MAR2015:00:00:00,TURK_LIRASI,420
16792108,148247128,03MAR2015:00:00:00,TURK_LIRASI,220
16309426,161547330,03MAR2015:00:00:00,TURK_LIRASI,270
18750698,85814405,14JUL2014:00:00:00,TURK_LIRASI,125
9339300,99524066,14JUL2014:00:00:00,TURK_LIRASI,4221.25
16948506,101383433,03MAR2015:00:00:00,TURK_LIRASI,1300
15986491,156031320,03MAR2015:00:00:00,TURK_LIRASI,80
17223830,83861370,21APR2015:00:00:00,TURK_LIRASI,505
19858904,140913499,26AUG2014:00:00:00,TURK_LIRASI,192.98
21213035,123684100,26AUG2014:00:00:00,TURK_LIRASI,955
9875403,116836890,21APR2015:00:00:00,TURK_LIRASI,3297.87
19379348,174591669,21APR2015:00:00:00,TURK_LIRASI,167.07
9875403,119712345,21APR2015:00:00:00,EURO,229.88
17638957,169296555,26AUG2014:00:00:00,TURK_LIRASI,1319.34
14636957,109607139,26AUG2014:00:00:00,TURK_LIRASI,850
4365610,67771086,21APR2015:00:00:00,TURK_LIRASI,10296.03
17223830,83861370,14JUL2014:00:00:00,TURK_LIRASI,2000
9630284,87570367,25AUG2014:00:00:00,TURK_LIRASI,0.01
18780990,85527402,14JUL2014:00:00:00,TURK_LIRASI,200
14573146,57547578,14JUL2014:00:00:00,TURK_LIRASI,200
15664189,64291264,25AUG2014:00:00:00,TURK_LIRASI,800
11711129,194572718,21APR2015:00:00:00,TURK_LIRASI,170
9682827,100711952,29JUN2015:00:00:00,TURK_LIRASI,550
20955787,175202554,21APR2015:00:00:00,TURK_LIRASI,40
20498552,174795558,21APR2015:00:00:00,TURK_LIRASI,1890
20007351,98180463,25AUG2014:00:00:00,TURK_LIRASI,500
16448858,67518428,29JUN2015:00:00:00,TURK_LIRASI,399
21021028,136963284,29JUN2015:00:00:00,TURK_LIRASI,151.81
19858904,140913499,18DEC2014:00:00:00,TURK_LIRASI,400
3908957,66736034,29JUN2015:00:00:00,TURK_LIRASI,1111.92
20955787,188456403,18DEC2014:00:00:00,TURK_LIRASI,130
11711129,194572718,29JUN2015:00:00:00,TURK_LIRASI,100
21213035,189392913,29JUN2015:00:00:00,TURK_LIRASI,200
20050973,170248551,17DEC2014:00:00:00,TURK_LIRASI,20
18780990,85527402,13MAY2015:00:00:00,TURK_LIRASI,150
20758172,105586362,18MAR2015:00:00:00,TURK_LIRASI,4000
21021028,136963284,13MAY2015:00:00:00,TURK_LIRASI,62.33
8610999,169703427,18MAR2015:00:00:00,TURK_LIRASI,4800
20018440,109843747,17DEC2014:00:00:00,TURK_LIRASI,2000
20186282,105036555,17DEC2014:00:00:00,TURK_LIRASI,250
20217876,147117750,05MAR2015:00:00:00,TURK_LIRASI,56.81
3908957,66736034,05MAR2015:00:00:00,TURK_LIRASI,780
17223830,83861370,18MAR2015:00:00:00,TURK_LIRASI,670.09
15631424,126953182,18SEP2014:00:00:00,TURK_LIRASI,5643.6
9682827,100711952,05MAR2015:00:00:00,TURK_LIRASI,98.27
3542321,137144635,05MAR2015:00:00:00,TURK_LIRASI,4520.36
19379348,174591669,20OCT2014:00:00:00,TURK_LIRASI,423
16981050,72377774,05MAR2015:00:00:00,TURK_LIRASI,983.78
14573146,57547578,20OCT2014:00:00:00,TURK_LIRASI,1770
17907872,79902508,05MAR2015:00:00:00,TURK_LIRASI,400
15631424,126953182,20OCT2014:00:00:00,TURK_LIRASI,520
17755740,172016600,18SEP2014:00:00:00,TURK_LIRASI,362.39
18750698,85814405,20OCT2014:00:00:00,TURK_LIRASI,220
15522570,140931532,05MAR2015:00:00:00,TURK_LIRASI,590
20022095,98552515,05MAR2015:00:00:00,TURK_LIRASI,1327.47
20007351,98180463,20OCT2014:00:00:00,TURK_LIRASI,500
17755740,172016600,20OCT2014:00:00:00,TURK_LIRASI,366.1
15367126,75247901,20OCT2014:00:00:00,TURK_LIRASI,120.26
13055162,61910289,20OCT2014:00:00:00,TURK_LIRASI,1500
15522570,140931532,11AUG2014:00:00:00,TURK_LIRASI,1245
15367126,75247901,10FEB2015:00:00:00,TURK_LIRASI,1000
18750698,85814405,11AUG2014:00:00:00,TURK_LIRASI,400
4365610,37014958,11AUG2014:00:00:00,TURK_LIRASI,165
20757253,148028581,11AUG2014:00:00:00,TURK_LIRASI,200
3542321,137144635,31JUL2014:00:00:00,TURK_LIRASI,3385.47
8610999,169703427,20OCT2014:00:00:00,TURK_LIRASI,5700
14190363,170335720,31JUL2014:00:00:00,TURK_LIRASI,550
20955787,155913434,31JUL2014:00:00:00,TURK_LIRASI,90
12660206,63562547,11AUG2014:00:00:00,TURK_LIRASI,8550
4365610,27869698,01JUL2014:00:00:00,TURK_LIRASI,9884.85
14636957,109607139,22APR2015:00:00:00,TURK_LIRASI,1950
15748483,135986113,01JUL2014:00:00:00,TURK_LIRASI,130
15367126,75247901,11AUG2014:00:00:00,TURK_LIRASI,720
3054783,29216393,11AUG2014:00:00:00,TURK_LIRASI,132.28
4613342,64992804,22APR2015:00:00:00,TURK_LIRASI,5225.02
20726978,155540483,01JUL2014:00:00:00,TURK_LIRASI,45
17257260,89487123,11AUG2014:00:00:00,TURK_LIRASI,1900
13055162,61910289,22APR2015:00:00:00,TURK_LIRASI,450
15438869,142251658,11AUG2014:00:00:00,TURK_LIRASI,494.71
20955787,175202554,09MAR2015:00:00:00,TURK_LIRASI,150
14636957,109607139,01JUL2014:00:00:00,TURK_LIRASI,950
20034136,128044306,01JUL2014:00:00:00,TURK_LIRASI,450
19858904,140913499,22APR2015:00:00:00,TURK_LIRASI,3500
15543294,188855590,09MAR2015:00:00:00,TURK_LIRASI,3.68
15438869,142251658,01JUL2014:00:00:00,TURK_LIRASI,861.42
16792108,148247128,01JUL2014:00:00:00,TURK_LIRASI,410
15367126,75247901,09MAR2015:00:00:00,TURK_LIRASI,950
3054783,124673591,09MAR2015:00:00:00,TURK_LIRASI,1808.79
19693997,188038243,05JAN2015:00:00:00,TURK_LIRASI,2000
18752801,128090947,09MAR2015:00:00:00,TURK_LIRASI,757.5
12660206,63562547,09MAR2015:00:00:00,TURK_LIRASI,9100
8610999,169703427,29SEP2014:00:00:00,TURK_LIRASI,3900
16309426,161547330,05JAN2015:00:00:00,TURK_LIRASI,300
20758172,105586362,09MAR2015:00:00:00,TURK_LIRASI,1000
20169927,169274644,29SEP2014:00:00:00,TURK_LIRASI,75
17967143,85964698,09MAR2015:00:00:00,TURK_LIRASI,1839.19
20955787,188456403,09MAR2015:00:00:00,TURK_LIRASI,450
21021028,136963284,09MAR2015:00:00:00,TURK_LIRASI,100
15717336,128192194,18JUL2014:00:00:00,TURK_LIRASI,515
9765025,30490672,05JAN2015:00:00:00,TURK_LIRASI,7789.12
9765025,30490672,09MAR2015:00:00:00,TURK_LIRASI,1923.91
20169927,112229742,29SEP2014:00:00:00,TURK_LIRASI,45
17755740,172016600,18JUL2014:00:00:00,TURK_LIRASI,5110.17
20022095,98552515,05JAN2015:00:00:00,TURK_LIRASI,952.98
3908957,66736034,05JAN2015:00:00:00,TURK_LIRASI,1720
8610999,29616418,29SEP2014:00:00:00,TURK_LIRASI,300
16448858,67518428,05JAN2015:00:00:00,TURK_LIRASI,430
20186282,105036555,05JAN2015:00:00:00,TURK_LIRASI,400
3054783,124673591,05JAN2015:00:00:00,TURK_LIRASI,1279.38
18909213,186821431,05JAN2015:00:00:00,TURK_LIRASI,177.82
19693997,152747979,10DEC2014:00:00:00,TURK_LIRASI,220
15367126,75247901,10SEP2014:00:00:00,TURK_LIRASI,990
19693997,94571553,04JUL2014:00:00:00,TURK_LIRASI,90
19693997,152747979,04JUL2014:00:00:00,TURK_LIRASI,575
12660206,63562547,10DEC2014:00:00:00,TURK_LIRASI,11000
15367126,75247901,10DEC2014:00:00:00,TURK_LIRASI,750
21242221,154216099,18JUL2014:00:00:00,TURK_LIRASI,640
15823515,142839963,04JUL2014:00:00:00,TURK_LIRASI,50
18681877,91961755,10DEC2014:00:00:00,TURK_LIRASI,200
17755740,139173793,18JUL2014:00:00:00,TURK_LIRASI,2240.24
18620847,124081570,18JUL2014:00:00:00,TURK_LIRASI,50
18681877,148464689,10DEC2014:00:00:00,TURK_LIRASI,1360
20498552,174795558,31MAR2015:00:00:00,TURK_LIRASI,2500
16448858,67518428,18JUL2014:00:00:00,TURK_LIRASI,1000
17365229,95479188,31MAR2015:00:00:00,TURK_LIRASI,2396.67
16981050,72377774,10DEC2014:00:00:00,TURK_LIRASI,2567.21
16464282,164800755,04JUL2014:00:00:00,TURK_LIRASI,100
20726978,155540483,10DEC2014:00:00:00,TURK_LIRASI,275
17257260,89487123,04JUL2014:00:00:00,TURK_LIRASI,1850
14546076,123363176,10DEC2014:00:00:00,TURK_LIRASI,130
9054653,168763487,31MAR2015:00:00:00,TURK_LIRASI,2762.8
16981050,72377774,04JUL2014:00:00:00,TURK_LIRASI,1720.07
9054653,76620574,31MAR2015:00:00:00,TURK_LIRASI,135.89
20955787,188456403,10DEC2014:00:00:00,TURK_LIRASI,50
17907872,79902508,04JUL2014:00:00:00,TURK_LIRASI,200
18654919,169132500,04JUL2014:00:00:00,TURK_LIRASI,500
19693997,94571553,10DEC2014:00:00:00,TURK_LIRASI,90
20757253,148028581,04JUL2014:00:00:00,TURK_LIRASI,160
20758172,105586362,10DEC2014:00:00:00,TURK_LIRASI,1000
15823515,142839963,03SEP2014:00:00:00,TURK_LIRASI,120
9682827,100711952,04JUL2014:00:00:00,TURK_LIRASI,540
18639814,119121946,10JAN2015:00:00:00,TURK_LIRASI,1.25
17320700,74084589,31MAR2015:00:00:00,TURK_LIRASI,2471.86
18620847,124081570,04JUL2014:00:00:00,TURK_LIRASI,200
20217876,147117750,02APR2015:00:00:00,TURK_LIRASI,45.42
19858904,140913499,25DEC2014:00:00:00,TURK_LIRASI,600
15367126,75247901,04JUL2014:00:00:00,TURK_LIRASI,800
14801202,58822955,04JUL2014:00:00:00,TURK_LIRASI,20
16309426,187525716,02APR2015:00:00:00,TURK_LIRASI,400
3054783,29216393,11MAR2015:00:00:00,TURK_LIRASI,121.15
15823515,171529634,04JUL2014:00:00:00,TURK_LIRASI,100
4365610,37014958,11MAR2015:00:00:00,TURK_LIRASI,100
19858904,140913499,19MAR2015:00:00:00,TURK_LIRASI,1450
17775027,76978610,02APR2015:00:00:00,TURK_LIRASI,130
3542321,137144635,02APR2015:00:00:00,TURK_LIRASI,9459.42
20726978,155540483,11MAR2015:00:00:00,TURK_LIRASI,200
20757253,148028581,11MAR2015:00:00:00,TURK_LIRASI,250
3054783,29216393,11DEC2014:00:00:00,TURK_LIRASI,420.34
20169927,169274644,11DEC2014:00:00:00,TURK_LIRASI,103
15744137,187138387,22OCT2014:00:00:00,TURK_LIRASI,141.35
17907872,79902508,19MAR2015:00:00:00,TURK_LIRASI,400
18681877,148464689,11MAR2015:00:00:00,TURK_LIRASI,2210
14636957,109607139,22OCT2014:00:00:00,TURK_LIRASI,1500
15986491,156031320,11DEC2014:00:00:00,TURK_LIRASI,130
8610999,169703427,22OCT2014:00:00:00,TURK_LIRASI,5990
13261710,31548257,22OCT2014:00:00:00,TURK_LIRASI,3950
4613342,64992804,22OCT2014:00:00:00,TURK_LIRASI,7088.81
4365610,67771086,22OCT2014:00:00:00,TURK_LIRASI,300
4365610,37014958,11DEC2014:00:00:00,TURK_LIRASI,165
13055162,61910289,22OCT2014:00:00:00,TURK_LIRASI,500
12660206,119516330,11DEC2014:00:00:00,AMERIKAN_DOLARI,0.95
18780990,85527402,11DEC2014:00:00:00,TURK_LIRASI,100
15664189,64291264,24SEP2014:00:00:00,TURK_LIRASI,900
15522570,140931532,16JUL2014:00:00:00,TURK_LIRASI,700
15370451,68340528,16JUL2014:00:00:00,TURK_LIRASI,125
9021512,29807547,16JUL2014:00:00:00,TURK_LIRASI,1560
20018440,109843747,16JUL2014:00:00:00,TURK_LIRASI,1000
2853662,165605479,24SEP2014:00:00:00,TURK_LIRASI,1618.16
19858904,140913499,24SEP2014:00:00:00,TURK_LIRASI,400
20758172,105586362,16JUL2014:00:00:00,TURK_LIRASI,1000
8610999,169703427,24SEP2014:00:00:00,TURK_LIRASI,8300
9630284,132385448,16JUL2014:00:00:00,TURK_LIRASI,718.36
9765025,118030877,16JUL2014:00:00:00,TURK_LIRASI,1741.88
9682827,100711952,16JUL2014:00:00:00,TURK_LIRASI,450
10961244,31714368,04MAR2015:00:00:00,TURK_LIRASI,43.63
19464162,119425880,24DEC2014:00:00:00,TURK_LIRASI,20
20018440,109843747,26MAR2015:00:00:00,TURK_LIRASI,541.97
19858904,140913499,26MAR2015:00:00:00,TURK_LIRASI,98.76
15631424,126953182,20JAN2015:00:00:00,TURK_LIRASI,514.21
17907872,79902508,20JAN2015:00:00:00,TURK_LIRASI,500
23187800,132525151,26MAR2015:00:00:00,TURK_LIRASI,1200
18108316,164751766,24DEC2014:00:00:00,TURK_LIRASI,200
15766015,161599523,16JUL2014:00:00:00,TURK_LIRASI,219
17638957,169296555,26MAR2015:00:00:00,TURK_LIRASI,2611.39
15664189,64291264,29APR2015:00:00:00,TURK_LIRASI,3247.25
10961244,28758810,08JUL2014:00:00:00,TURK_LIRASI,8022.64
17682882,78586564,08JUL2014:00:00:00,TURK_LIRASI,160
18909213,186821431,14MAY2015:00:00:00,TURK_LIRASI,160
20186282,105036555,14MAY2015:00:00:00,TURK_LIRASI,460
12660206,119516330,08JUL2014:00:00:00,AMERIKAN_DOLARI,6420
9339300,99524066,14MAY2015:00:00:00,TURK_LIRASI,2614.62
15766015,161602233,12NOV2014:00:00:00,TURK_LIRASI,300
20050973,170248551,14MAY2015:00:00:00,TURK_LIRASI,100
21021028,136963284,14MAY2015:00:00:00,TURK_LIRASI,350
15367126,75247901,14MAY2015:00:00:00,TURK_LIRASI,100
21021028,136963284,08JUL2014:00:00:00,TURK_LIRASI,200
14546076,123363176,08JUL2014:00:00:00,TURK_LIRASI,250
15367126,75247901,12NOV2014:00:00:00,TURK_LIRASI,700
15748483,135986113,27JAN2015:00:00:00,TURK_LIRASI,1010
20007351,98180463,12NOV2014:00:00:00,TURK_LIRASI,500
15664189,64291264,27JAN2015:00:00:00,TURK_LIRASI,5108
12660206,63562547,08JUL2014:00:00:00,TURK_LIRASI,7300
18780990,85527402,12NOV2014:00:00:00,TURK_LIRASI,188
19693997,152747979,09FEB2015:00:00:00,TURK_LIRASI,82
18681877,148464689,09FEB2015:00:00:00,TURK_LIRASI,2040
2782253,29242995,08JUL2014:00:00:00,TURK_LIRASI,556.67
17365229,95479188,27JAN2015:00:00:00,TURK_LIRASI,2620
15766015,161599523,12NOV2014:00:00:00,TURK_LIRASI,250
19858904,140913499,27JAN2015:00:00:00,TURK_LIRASI,700
9054653,76620574,06NOV2014:00:00:00,TURK_LIRASI,412.35
18639814,119121946,06NOV2014:00:00:00,TURK_LIRASI,300
17967143,85964698,05NOV2014:00:00:00,TURK_LIRASI,304.19
9054653,168763487,06NOV2014:00:00:00,TURK_LIRASI,1107.05
3054783,29216393,12JAN2015:00:00:00,TURK_LIRASI,28.87
17257260,89487123,05NOV2014:00:00:00,TURK_LIRASI,51.83
9765025,30490672,05NOV2014:00:00:00,TURK_LIRASI,3214.53
18015914,186702508,06NOV2014:00:00:00,TURK_LIRASI,220
16309426,161547330,05NOV2014:00:00:00,TURK_LIRASI,364
14546076,123363176,12JAN2015:00:00:00,TURK_LIRASI,900
15522570,140931532,06NOV2014:00:00:00,TURK_LIRASI,692
21021028,136963284,12JAN2015:00:00:00,TURK_LIRASI,50.11
18760663,86009403,12AUG2014:00:00:00,TURK_LIRASI,1670
17967143,85964698,06NOV2014:00:00:00,TURK_LIRASI,950
17223830,83861370,12AUG2014:00:00:00,TURK_LIRASI,2530.66
20758172,105586362,12AUG2014:00:00:00,TURK_LIRASI,400
20007351,98180463,12JAN2015:00:00:00,TURK_LIRASI,400
3054783,124673591,05NOV2014:00:00:00,TURK_LIRASI,942.29
18681877,148464689,12JAN2015:00:00:00,TURK_LIRASI,1600
15522570,140931532,12JAN2015:00:00:00,TURK_LIRASI,696
16464282,164800755,05NOV2014:00:00:00,TURK_LIRASI,75
19858904,140913499,26NOV2014:00:00:00,TURK_LIRASI,310
23187800,132525151,26NOV2014:00:00:00,TURK_LIRASI,1000
9339300,99524066,12JAN2015:00:00:00,TURK_LIRASI,3076.01
12660206,63562547,12JAN2015:00:00:00,TURK_LIRASI,11600
4365610,37014958,12JAN2015:00:00:00,TURK_LIRASI,165
9054653,168763487,12JAN2015:00:00:00,TURK_LIRASI,8322.76
15367126,75247901,12JAN2015:00:00:00,TURK_LIRASI,1200
17638957,169296555,26NOV2014:00:00:00,TURK_LIRASI,1625.75
13261710,31548257,24JUL2014:00:00:00,TURK_LIRASI,4000
3908957,66736034,20AUG2014:00:00:00,TURK_LIRASI,2500
17967143,85964698,26NOV2014:00:00:00,TURK_LIRASI,1222.69
15717336,128192194,20AUG2014:00:00:00,TURK_LIRASI,540
8610999,169703427,20AUG2014:00:00:00,TURK_LIRASI,6900
14573146,57547578,20AUG2014:00:00:00,TURK_LIRASI,200
16981050,72377774,05FEB2015:00:00:00,TURK_LIRASI,2759.43
18750698,85814405,05FEB2015:00:00:00,TURK_LIRASI,122.01
18639814,119121946,09APR2015:00:00:00,TURK_LIRASI,200
15631424,126953182,20AUG2014:00:00:00,TURK_LIRASI,26.86
18681877,148464689,09APR2015:00:00:00,TURK_LIRASI,2370
20758172,105586362,24JUL2014:00:00:00,TURK_LIRASI,600
12660206,63562547,09APR2015:00:00:00,TURK_LIRASI,16850
17967143,85964698,05FEB2015:00:00:00,TURK_LIRASI,1887.5
18654919,169132500,05FEB2015:00:00:00,TURK_LIRASI,386.75
18780990,85527402,20AUG2014:00:00:00,TURK_LIRASI,100
18620847,124081570,05FEB2015:00:00:00,TURK_LIRASI,500
9765025,30490672,05FEB2015:00:00:00,TURK_LIRASI,1828.73
15823515,142839963,09APR2015:00:00:00,TURK_LIRASI,455
3054783,124673591,05FEB2015:00:00:00,TURK_LIRASI,1562.38
16981050,72377774,09APR2015:00:00:00,TURK_LIRASI,2905.48
15986491,156031320,20AUG2014:00:00:00,TURK_LIRASI,295
17682882,78586564,25MAR2015:00:00:00,TURK_LIRASI,200
17638957,169296555,26FEB2015:00:00:00,TURK_LIRASI,2068.82
19379348,174591669,09APR2015:00:00:00,TURK_LIRASI,300
20747527,191947412,12MAR2015:00:00:00,TURK_LIRASI,133.08
16309426,161547330,03DEC2014:00:00:00,TURK_LIRASI,235
18909213,186821431,26FEB2015:00:00:00,TURK_LIRASI,1300
20846536,106649857,25MAR2015:00:00:00,TURK_LIRASI,400
15367126,75247901,12MAR2015:00:00:00,TURK_LIRASI,70
13055162,61910289,25MAR2015:00:00:00,TURK_LIRASI,650
15543294,188855590,03DEC2014:00:00:00,TURK_LIRASI,60
9682827,100711952,12MAR2015:00:00:00,TURK_LIRASI,200
19858904,140913499,26FEB2015:00:00:00,TURK_LIRASI,240.96
9875403,116836890,21AUG2014:00:00:00,TURK_LIRASI,3612.68
18654919,169132500,03DEC2014:00:00:00,TURK_LIRASI,167.73
4365610,67771086,21AUG2014:00:00:00,TURK_LIRASI,6116.65
8610999,169703427,21AUG2014:00:00:00,TURK_LIRASI,3200
15766015,161599523,21AUG2014:00:00:00,TURK_LIRASI,270
17775027,76978610,03DEC2014:00:00:00,TURK_LIRASI,830.64
9682827,100711952,21AUG2014:00:00:00,TURK_LIRASI,500
16792108,148247128,03DEC2014:00:00:00,TURK_LIRASI,350
3542321,137144635,03DEC2014:00:00:00,TURK_LIRASI,6585.66
16948506,101383433,03DEC2014:00:00:00,TURK_LIRASI,500
13261710,31548257,21AUG2014:00:00:00,TURK_LIRASI,4000
13055162,61910289,03DEC2014:00:00:00,TURK_LIRASI,200
19858904,140913499,21AUG2014:00:00:00,TURK_LIRASI,900
9875403,119712345,21AUG2014:00:00:00,EURO,1.45
13055162,61910289,21AUG2014:00:00:00,TURK_LIRASI,1150
20846536,106649857,04DEC2014:00:00:00,TURK_LIRASI,710
16400475,111219012,04SEP2014:00:00:00,TURK_LIRASI,14900
8610999,29616418,13OCT2014:00:00:00,TURK_LIRASI,200
17365229,95479188,27OCT2014:00:00:00,TURK_LIRASI,7011
16464282,164800755,04SEP2014:00:00:00,TURK_LIRASI,100
17643688,76768991,04SEP2014:00:00:00,TURK_LIRASI,480
15438869,142251658,13OCT2014:00:00:00,TURK_LIRASI,950
9765025,30490672,04SEP2014:00:00:00,TURK_LIRASI,90
20034136,128044306,04DEC2014:00:00:00,TURK_LIRASI,2000
17643688,76768991,04DEC2014:00:00:00,TURK_LIRASI,410
18909213,186821431,04DEC2014:00:00:00,TURK_LIRASI,300
9054653,76620574,04DEC2014:00:00:00,TURK_LIRASI,109.59
15631424,126953182,24JUN2015:00:00:00,TURK_LIRASI,2090
9054653,168763487,04DEC2014:00:00:00,TURK_LIRASI,5099.51
15367126,75247901,13OCT2014:00:00:00,TURK_LIRASI,1725
17638957,169296555,27OCT2014:00:00:00,TURK_LIRASI,1704.73
14573146,57547578,20NOV2014:00:00:00,TURK_LIRASI,700
16948506,101383433,24JUN2015:00:00:00,TURK_LIRASI,515
21021028,136963284,14JAN2015:00:00:00,TURK_LIRASI,620
19858904,140913499,20NOV2014:00:00:00,TURK_LIRASI,400
2853662,165605479,20NOV2014:00:00:00,TURK_LIRASI,1659.71
25139695,175705463,14JAN2015:00:00:00,TURK_LIRASI,500
17223830,83861370,28JAN2015:00:00:00,TURK_LIRASI,717.77
15766015,161602233,14JAN2015:00:00:00,TURK_LIRASI,200
17303354,132691741,12FEB2015:00:00:00,TURK_LIRASI,38
15631424,126953182,20NOV2014:00:00:00,TURK_LIRASI,507.45
17223830,83861370,20NOV2014:00:00:00,TURK_LIRASI,1831.05
14801202,58822955,12FEB2015:00:00:00,TURK_LIRASI,395
17907872,79902508,25FEB2015:00:00:00,TURK_LIRASI,300
18751734,128090941,12FEB2015:00:00:00,TURK_LIRASI,250
13261710,31548257,25FEB2015:00:00:00,TURK_LIRASI,3400
4613342,64992804,22JAN2015:00:00:00,TURK_LIRASI,6069.61
20186282,105036555,28JAN2015:00:00:00,TURK_LIRASI,600
4365610,67771086,22JAN2015:00:00:00,TURK_LIRASI,4171.35
19858904,140913499,12FEB2015:00:00:00,TURK_LIRASI,200
19858904,140913499,25FEB2015:00:00:00,TURK_LIRASI,500
23187800,132525151,25FEB2015:00:00:00,TURK_LIRASI,1215
15744137,187138387,19NOV2014:00:00:00,TURK_LIRASI,2826
15438869,142251658,22JAN2015:00:00:00,TURK_LIRASI,900
14190363,170335720,19NOV2014:00:00:00,TURK_LIRASI,500
18639814,119121946,22JAN2015:00:00:00,TURK_LIRASI,200
9875403,119712345,21OCT2014:00:00:00,EURO,1632.87
9875403,116836890,21OCT2014:00:00:00,TURK_LIRASI,2065.46
13055162,61910289,21OCT2014:00:00:00,TURK_LIRASI,1000
19858904,140913499,23OCT2014:00:00:00,TURK_LIRASI,400
16400475,111219012,21OCT2014:00:00:00,TURK_LIRASI,20000
20955787,155913434,27AUG2014:00:00:00,TURK_LIRASI,795
4365610,67771086,21OCT2014:00:00:00,TURK_LIRASI,8479.17
20018440,109843747,21OCT2014:00:00:00,TURK_LIRASI,2823
8610999,169703427,23OCT2014:00:00:00,TURK_LIRASI,50
14636957,109607139,27AUG2014:00:00:00,TURK_LIRASI,2020
9682827,100711952,30OCT2014:00:00:00,TURK_LIRASI,400
20169927,112229742,30OCT2014:00:00:00,TURK_LIRASI,45
20007351,98180463,19AUG2014:00:00:00,TURK_LIRASI,605
20169927,169274644,30OCT2014:00:00:00,TURK_LIRASI,90
17907872,79902508,17JUL2014:00:00:00,TURK_LIRASI,400
14573146,57547578,19AUG2014:00:00:00,TURK_LIRASI,1260
14573146,57547578,17JUL2014:00:00:00,TURK_LIRASI,250
25139695,175705463,09OCT2014:00:00:00,TURK_LIRASI,400
17682882,78586564,19AUG2014:00:00:00,TURK_LIRASI,300
17257260,89487123,19AUG2014:00:00:00,TURK_LIRASI,51
4365610,67771086,23JUL2014:00:00:00,TURK_LIRASI,3946.48
8610999,169703427,19AUG2014:00:00:00,TURK_LIRASI,2000
17257260,89487123,23JUL2014:00:00:00,TURK_LIRASI,152
20726978,155540483,06AUG2014:00:00:00,TURK_LIRASI,240
17320700,74084589,06AUG2014:00:00:00,TURK_LIRASI,4111
8610999,29616418,19AUG2014:00:00:00,TURK_LIRASI,2000
12660206,63562547,09OCT2014:00:00:00,TURK_LIRASI,3000
19693997,152747979,06AUG2014:00:00:00,TURK_LIRASI,160
18751734,128090941,13AUG2014:00:00:00,TURK_LIRASI,500
14546076,123363176,13AUG2014:00:00:00,TURK_LIRASI,200
14636957,109607139,06AUG2014:00:00:00,TURK_LIRASI,1000
18745897,128097155,13AUG2014:00:00:00,TURK_LIRASI,1389.84
16981050,72377774,06AUG2014:00:00:00,TURK_LIRASI,1303.46
17682882,78586564,23JUL2014:00:00:00,TURK_LIRASI,150
18752801,128090947,06AUG2014:00:00:00,TURK_LIRASI,550
20726978,155540483,13AUG2014:00:00:00,TURK_LIRASI,250
19693997,94571553,06AUG2014:00:00:00,TURK_LIRASI,100
19850172,162007952,13AUG2014:00:00:00,TURK_LIRASI,250
19693997,188038243,04FEB2015:00:00:00,TURK_LIRASI,180
8610999,169703427,13AUG2014:00:00:00,TURK_LIRASI,2500
20034136,128044306,13AUG2014:00:00:00,TURK_LIRASI,700
18745897,128097155,08JAN2015:00:00:00,TURK_LIRASI,10
17643688,76768991,08JAN2015:00:00:00,TURK_LIRASI,1630
14190363,170335720,08JAN2015:00:00:00,TURK_LIRASI,500
18780990,85527402,18FEB2015:00:00:00,TURK_LIRASI,170
16981050,72377774,08JAN2015:00:00:00,TURK_LIRASI,1948.01
17907872,79902508,21JAN2015:00:00:00,TURK_LIRASI,350
4365610,67771086,21JAN2015:00:00:00,TURK_LIRASI,4048.21
15744137,187138387,18FEB2015:00:00:00,TURK_LIRASI,1560
8610999,169703427,18FEB2015:00:00:00,TURK_LIRASI,9000
20955787,175202554,18FEB2015:00:00:00,TURK_LIRASI,55
9875403,116836890,21JAN2015:00:00:00,TURK_LIRASI,3659.39
19858904,140913499,21JAN2015:00:00:00,TURK_LIRASI,500
18639814,119121946,29JAN2015:00:00:00,TURK_LIRASI,106
8610999,29616418,18FEB2015:00:00:00,TURK_LIRASI,50
18108316,164751766,21JAN2015:00:00:00,TURK_LIRASI,294.61
17967143,85964698,03JUL2014:00:00:00,TURK_LIRASI,915.72
14801202,58822955,03JUL2014:00:00:00,TURK_LIRASI,300
18654919,169132500,03JUL2014:00:00:00,TURK_LIRASI,97.31
9054653,76620574,03JUL2014:00:00:00,TURK_LIRASI,510.24
3908957,66736034,13NOV2014:00:00:00,TURK_LIRASI,200
15367126,75247901,13NOV2014:00:00:00,TURK_LIRASI,100
3542321,137144635,03JUL2014:00:00:00,TURK_LIRASI,4031.29
17320700,74084589,03JUL2014:00:00:00,TURK_LIRASI,5415
15438869,142251658,10JUL2014:00:00:00,TURK_LIRASI,300.32
15766015,161599523,13NOV2014:00:00:00,TURK_LIRASI,240
14573146,57547578,10JUL2014:00:00:00,TURK_LIRASI,400
20034136,128044306,03JUL2014:00:00:00,TURK_LIRASI,450
17643688,76768991,03JUL2014:00:00:00,TURK_LIRASI,1020
9682827,100711952,03JUL2014:00:00:00,TURK_LIRASI,144.37
9054653,168763487,03JUL2014:00:00:00,TURK_LIRASI,6011.59
20050973,170248551,13NOV2014:00:00:00,TURK_LIRASI,300
20050973,170248551,10JUL2014:00:00:00,TURK_LIRASI,200
16981050,72377774,10JUL2014:00:00:00,TURK_LIRASI,555.16
9339300,99524066,14AUG2014:00:00:00,TURK_LIRASI,3222.59
20846536,106649857,07JAN2015:00:00:00,TURK_LIRASI,33
2782253,29242995,07JAN2015:00:00:00,TURK_LIRASI,1821.69
18015914,186702508,07JAN2015:00:00:00,TURK_LIRASI,300
15766015,161602233,09JUL2014:00:00:00,TURK_LIRASI,400
10961244,31714368,02JUL2014:00:00:00,TURK_LIRASI,8.44
20050973,170248551,07JAN2015:00:00:00,TURK_LIRASI,100
14288103,59885102,09JUL2014:00:00:00,TURK_LIRASI,360
20726978,155540483,07JAN2015:00:00:00,TURK_LIRASI,305
18752801,128090947,07JAN2015:00:00:00,TURK_LIRASI,659.69
16309426,161547330,02JUL2014:00:00:00,TURK_LIRASI,320
21242221,154216099,09JUL2014:00:00:00,TURK_LIRASI,1.03
10961244,28758810,07JAN2015:00:00:00,TURK_LIRASI,822.31
9682827,100711952,07AUG2014:00:00:00,TURK_LIRASI,440
16948506,101383433,02JUL2014:00:00:00,TURK_LIRASI,1060
2782253,29242995,07AUG2014:00:00:00,TURK_LIRASI,184.32
18745897,128097155,07AUG2014:00:00:00,TURK_LIRASI,500
3054783,29216393,11FEB2015:00:00:00,TURK_LIRASI,145.63
17303354,132691741,11FEB2015:00:00:00,TURK_LIRASI,5000
10961244,28758810,07AUG2014:00:00:00,TURK_LIRASI,8978.6
9765025,30490672,07AUG2014:00:00:00,TURK_LIRASI,20
12660206,63562547,11FEB2015:00:00:00,TURK_LIRASI,10350
